Ville;;Latitude (générée);Longitude (générée)
YROUERRE;;;
VYANS LE VAL;;;
VY LES RUPT;;;
VY LES LURE;;;
VY LES FILAIN;;;
VY LE FERROUX;;47,5864;5,9739
VUILLECIN;;;
VUILLAFANS;;47,0653;6,2164
VRIANGE;;;
VREGILLE;;;
VOUTENAY SUR CURE;;;
VOUJEAUCOURT;;47,4756;6,7744
VOUHENANS;;47,6508;6,4814
VOUGEOT;;47,1764;4,9636
VOSNE ROMANEE;;;
VOSBLES;;;
VORGES LES PINS;;;
VORAY SUR L OGNON;;47,3389;6,0181
VONGES;;;
VOLON;;;
VOLNAY;;47,9322;0,4675
VOLGRE;;47,9178;3,3272
VOLESVRES;;;
VOITEUR;;46,7542;5,6117
VOIRES;;;
VOILLANS;;47,3867;6,4131
VIVIERS;;;
VITTEAUX;;;
VITRY LES CLUNY;;;
VITRY EN CHAROLLAIS;;46,4544;4,0581
VITREY SUR MANCE;;;
VITREUX;;;
VIRY;;46,1175;6,0375
VIREY LE GRAND;;;
VIREAUX;;;
VIRE;;46,4494;4,8431
VINZELLES;;46,2719;4,7683
VINNEUF;;48,3506;3,135
VINDECY;;;
VINCENT;;;
VINCELOTTES;;;
VINCELLES;;46,6003;5,4789
VILLY LE MOUTIER;;;
VILLY EN AUXOIS;;;
VILLY;;47,8678;3,7511
VILLOTTE ST SEINE;;;
VILLON;;;
VILLIERS VINEUX;;;
VILLIERS SUR YONNE;;;
VILLIERS SUR THOLON;;47,8883;3,3367
VILLIERS ST BENOIT;;;
VILLIERS LOUIS;;;
VILLIERS LES HAUTS;;;
VILLIERS LE SEC;;;
VILLEY SUR TILLE;;;
VILLEVIEUX;;;
VILLEVALLIER;;48,0247;3,3139
VILLETTE LES DOLE;;;
VILLETTE LES ARBOIS;;;
VILLETHIERRY;;;
VILLERSEXEL;;;
VILLERS SUR SAULNOT;;;
VILLERS SUR PORT;;;
VILLERS ST MARTIN;;;
VILLERS SOUS MONTROND;;;
VILLERS SOUS CHALAMONT;;;
VILLERS ROTIN;;;
VILLERS ROBERT;;;
VILLERS PATRAS;;;
VILLERS PATER;;;
VILLERS LES POTS;;47,2108;5,3539
VILLERS LES LUXEUIL;;;
VILLERS LES BOIS;;46,9133;5,5792
VILLERS LE SEC;;49,7786;3,5006
VILLERS LE LAC;;;
VILLERS LA VILLE;;;
VILLERS LA FAYE;;47,1058;4,8781
VILLERS GRELOT;;;
VILLERS FARLAY;;;
VILLERS CHIEF;;;
VILLERS CHEMIN ET MONT;;;
VILLERS BUZON;;;
VILLERS BOUTON;;;
VILLEROY;;;
VILLEPAROIS;;;
VILLENEUVE SUR YONNE;;48,0814;3,2967
VILLENEUVE ST SALVES;;;
VILLENEUVE LES GENETS;;;
VILLENEUVE LA GUYARD;;48,34;3,0644
VILLENEUVE LA DONDAGRE;;;
VILLENEUVE L ARCHEVEQUE;;48,2356;3,5558
VILLENEUVE EN MONTAGNE;;46,7689;4,6086
VILLENEUVE D AVAL;;;
VILLENEUVE D AMONT;;;
VILLENEUVE BELLENOYE MAIZE;;;
VILLENAVOTTE;;;
VILLEMER;;;
VILLEMANOCHE;;48,3003;3,1814
VILLEGAUDIN;;;
VILLEFRANCON;;;
VILLEFRANCHE;;43,4236;0,7272
VILLEFARGEAU;;;
VILLEDIEU;;44,2839;5,0347
VILLECOMTE;;47,51;5,0353
VILLECIEN;;;
VILLECHETIVE;;48,095;3,5114
VILLECHANTRIA;;;
VILLEBLEVIN;;48,3244;3,0817
VILLEBICHOT;;47,1397;5,0439
VILLEBERNY;;;
VILLE DU PONT;;;
VILLARS ST GEORGES;;;
VILLARS SOUS DAMPJOUX;;;
VILLARS LES BLAMONT;;;
VILLARS LE SEC;;;
VILLARS LE PAUTEL;;;
VILLARS ET VILLENOTTE;;;
VILLARGENT;;;
VILLARDS D HERIA;;;
VILLARD ST SAUVEUR;;;
VILLAINES EN DUESMOIS;;47,6822;4,5258
VILLAFANS;;;
VIGNOLES;;47,0303;4,8878
VIGNES;;47,5236;4,1178
VIEVY;;;
VIEVIGNE;;;
VIEUX CHARMONT;;47,5247;6,8389
VIETHOREY;;;
VIELVERGE;;;
VIEILMOULIN;;;
VIEILLEY;;;
VIC DES PRES;;;
VIC DE CHASSENAY;;47,4731;4,2658
VEZINNES;;;
VEZET;;;
VEZELOIS;;;
VEZELAY;;47,4658;3,7458
VEVY;;;
VEUVEY SUR OUCHE;;;
VETRIGNE;;;
VESOUL;;47,6222;6,1553
VESCLES;;46,3603;5,6133
VESCEMONT;;47,7433;6,845
VERZE;;;
VERTAULT;;;
VERSAUGUES;;;
VERS;;;
VERRIERES DE JOUX;;;
VERREY SOUS SALMAISE;;;
VERREY SOUS DREE;;;
VEROSVRES;;;
VERONNES;;;
VERON;;48,1289;3,3072
VERNOY;;48,0953;3,125
VERNOT;;;
VERNOIS LES VESVRES;;;
VERNIERFONTAINE;;;
VERNANTOIS;;;
VERMONDANS;;;
VERMENTON;;47,665;3,7353
VERLIN;;;
VERLANS;;;
VERJUX;;46,8794;4,9633
VERIZET;;;
VERISSEY;;;
VERIA;;;
VERGRANNE;;;
VERGISSON;;;
VERGIGNY;;47,9703;3,7192
VERGES;;;
VERDUN SUR LE DOUBS;;46,8961;5,0233
VERCIA;;;
VERCEL VILLEDIEU LE CAMP;;;
VENOY;;47,8056;3,6369
VENOUSE;;47,8956;3,6828
VENNES;;;
VENNANS;;;
VENIZY;;;
VENISEY;;;
VENISE;;;
VENERE;;;
VENDENESSE SUR ARROUX;;;
VENDENESSE LES CHAROLLES;;46,4419;4,3375
VENAREY LES LAUMES;;47,5419;4,4453
VELORCEY;;;
VELLOREILLE LES CHOYE;;;
VELLEXON QUEUTREY VAUDEY;;;
VELLESCOT;;;
VELLEMINFROY;;;
VELLEGUINDRY ET LEVRECEY;;;
VELLEFRIE;;;
VELLEFREY ET VELLEFRANGE;;;
VELLEFAUX;;;
VELLECLAIRE;;;
VELLE LE CHATEL;;;
VELET;;;
VELESMES ESSARTS;;47,1911;5,8747
VELARS SUR OUCHE;;;
VEILLY;;;
VAUX SAULES;;;
VAUX LES PRES;;;
VAUX LE MONCELOT;;;
VAUX ET CHANTEGRUE;;;
VAUX EN PRE;;;
VAUX;;;
VAUVILLERS;;;
VAUTHIERMONT;;;
VAUMORT;;;
VAULT DE LUGNY;;;
VAUDREY;;;
VAUDEURS;;;
VAUDEBARRIER;;;
VAUCONCOURT NERVEZAIN;;;
VAUCHIGNON;;;
VAUBAN;;;
VARZY;;;
VARS;;44,595;6,6897
VAROIS ET CHAIGNOT;;47,3508;5,1306
VAROGNE;;;
VARENNES VAUZELLES;;47,0122;3,1464
VARENNES ST SAUVEUR;;;
VARENNES SOUS DUN;;;
VARENNES LES NARCY;;;
VARENNES LES MACON;;;
VARENNES LE GRAND;;;
VARENNES;;46,7586;0,1989
VARENNE ST GERMAIN;;;
VARENNE L ARCONCE;;;
VAREILLES;;;
VARANGES;;;
VANTOUX ET LONGEVELLE;;;
VANNOZ;;46,7728;5,9169
VANDONCOURT;;47,4669;6,9014
VANDENESSE EN AUXOIS;;47,2197;4,6156
VANDELANS;;;
VANCLANS;;;
VALOREILLE;;;
VALONNE;;;
VALLERY;;48,2408;3,0469
VALLEROY;;49,2119;5,9356
VALLEROIS LORIOZ;;47,5639;6,1506
VALLEROIS LE BOIS;;;
VALLAN;;;
VALFIN SUR VALOUSE;;;
VALENTIN;;;
VALENTIGNEY;;47,4625;6,8322
VALEMPOULIERES;;;
VALDOIE;;47,6672;6,8419
VALDAHON;;47,1497;6,3447
VALAY;;47,3383;5,6392
VAL SUZON;;;
VAL DE ROULANS;;;
VAL DE MERCY;;;
VAL D EPY;;;
VAIVRE ET MONTOILLE;;47,6306;6,1047
VAIRE LE PETIT;;;
VAIRE ARCIER;;;
VADANS;;;
UZELLE;;;
URZY;;;
URCY;;;
URCEREY;;;
UNCEY LE FRANC;;;
UCHON;;;
UCHIZY;;46,5036;4,8858
TURNY;;;
TURCEY;;;
TRUGNY;;;
TRUCY SUR YONNE;;;
TRUCY L ORGUEILLEUX;;;
TROUVANS;;;
TROUHAUT;;;
TROUHANS;;;
TRONSANGES;;47,1128;3,0531
TRONCHY;;;
TROMAREY;;;
TROCHERES;;;
TRIVY;;;
TRICHEY;;;
TREVILLY;;47,5294;4,0594
TREVILLERS;;;
TREVENANS;;47,5708;6,8619
TRESILLEY;;;
TREPOT;;;
TRENAL;;;
TREMOINS;;;
TREIGNY;;;
TRECLUN;;;
TRAVES;;;
TRAMBLY;;;
TRAMAYES;;;
TRAITIEFONTAINE;;;
TRACY SUR LOIRE;;47,3194;2,9106
TOUTENANT;;;
TOURNUS;;46,5617;4,9122
TOULOUSE LE CHATEAU;;;
TOULON SUR ARROUX;;;
TOUCY;;47,7364;3,2933
TORPES;;47,1692;5,8906
TORCY;;;
TONNERRE;;47,8553;3,9733
TISSEY;;;
TINTRY;;;
TILLENAY;;;
TIL CHATEL;;47,5178;5,1744
THURY;;;
THUREY LE MONT;;;
THUREY;;46,7439;5,1228
THULAY;;;
THORY;;47,565;3,9131
THORIGNY SUR OREUSE;;;
THOREY SUR OUCHE;;47,1467;4,6958
THOREY SOUS CHARNY;;47,3239;4,4467
THOREY EN PLAINE;;;
THOREY;;;
THORAISE;;47,1739;5,9031
THOMIREY;;;
THOISY LE DESERT;;47,2469;4,5247
THOIRIA;;;
THOIRETTE;;;
THIZY;;;
THISE;;47,2822;6,0753
THIL SUR ARROUX;;;
THIENANS;;;
THIEFFRANS;;;
THIANCOURT;;47,5233;6,9903
THEULEY;;;
THERVAY;;;
THENISSEY;;;
THEIL SUR VANNE;;;
TERNUAY MELAY ST HILAIRE;;;
TERNANT;;45,9494;-0,5742
TELLECEY;;;
TEIGNY;;;
TAXENNE;;;
TAVEY;;47,5661;6,7425
TAVAUX;;;
TASSENIERES;;;
TART LE HAUT;;;
TART LE BAS;;;
TART L ABBAYE;;;
TARSUL;;47,5314;4,9856
TARCENAY;;;
TANNERRE EN PUISAYE;;;
TANNAY;;;
TANLAY;;47,8464;4,0867
TANCON;;;
TANAY;;;
TALMAY;;47,3547;5,4389
TALLENAY;;;
TALCY;;;
TALANT;;47,3364;5,0056
TAIZE;;46,5133;4,6769
TAINGY;;;
TAILLY;;;
TAILLECOURT;;47,4967;6,8483
TACONNAY;;;
SURGY;;;
SULLY;;;
SUIN;;;
SUILLY LA TOUR;;47,3367;3,0658
SUBLIGNY;;48,1669;3,2033
SUARCE;;;
STIGNY;;;
STE VERTU;;;
STE SUZANNE;;;
STE SABINE;;;
STE REINE;;;
STE PALLAYE;;;
STE MARIE SUR OUCHE;;;
STE MARIE LA BLANCHE;;;
STE MARIE EN CHAUX;;;
STE MARIE EN CHANOIS;;;
STE MARIE;;14,783;-60,992
STE MAGNANCE;;;
STE HELENE;;;
STE CROIX;;;
STE COLOMBE SUR LOING;;;
STE COLOMBE;;;
STE CECILE;;;
STE AGNES;;;
ST YTHAIRE;;;
ST YLIE;;;
ST YAN;;;
ST VIT;;;
ST VINNEMER;;;
ST VINCENT EN BRESSE;;;
ST VINCENT DES PRES;;;
ST VICTOR SUR OUCHE;;;
ST VALLIER;;;
ST VALLERIN;;;
ST VALERIEN;;;
ST VALBERT;;;
ST USUGE;;;
ST USAGE;;;
ST THIEBAUD;;;
ST THIBAULT;;;
ST SYMPHORIEN SUR SAONE;;;
ST SYMPHORIEN DES BOIS;;;
ST SYMPHORIEN DE MARMAGNE;;;
ST SYMPHORIEN D ANCELLES;;;
ST SULPICE;;;
ST SEROTIN;;;
ST SERNIN DU PLAIN;;;
ST SERNIN DU BOIS;;;
ST SEINE SUR VINGEANNE;;;
ST SEINE L ABBAYE;;;
ST SEINE EN BACHE;;;
ST SAUVEUR EN PUISAYE;;;
ST SAUVEUR;;;
ST ROMAIN SOUS VERSIGNY;;;
ST ROMAIN SOUS GOURDON;;;
ST ROMAIN LE PREUX;;;
ST ROMAIN;;;
ST REMY;;;
ST PRIX LES ARNAY;;;
ST PRIVE;;;
ST POINT LAC;;;
ST POINT;;;
ST PIERRE LE VIEUX;;;
ST PIERRE DU MONT;;;
ST PIERRE DE VARENNES;;;
ST PIERRE;;;
ST PHILIBERT;;;
ST PERE;;;
ST NIZIER SUR ARROUX;;;
ST NICOLAS LES CITEAUX;;;
ST MORE;;;
ST MICAUD;;;
ST MESMIN;;;
ST MAURICE THIZOUAILLE;;;
ST MAURICE SUR VINGEANNE;;;
ST MAURICE RICHES HOMMES;;;
ST MAURICE LES COUCHES;;;
ST MAURICE LES CHATEAUNEUF;;;
ST MAURICE LE VIEIL;;;
ST MAURICE EN RIVIERE;;;
ST MAURICE DES CHAMPS;;;
ST MAURICE DE SATONNAY;;;
ST MAURICE CRILLAT;;;
ST MAURICE COLOMBIER;;;
ST MAUR;;;
ST MARTIN SUR OUANNE;;;
ST MARTIN SUR ARMANCON;;;
ST MARTIN SOUS MONTAIGU;;;
ST MARTIN LA PATROUILLE;;;
ST MARTIN EN GATINOIS;;;
ST MARTIN EN BRESSE;;;
ST MARTIN DU TERTRE;;;
ST MARTIN DU TARTRE;;;
ST MARTIN DU MONT;;;
ST MARTIN DU LAC;;;
ST MARTIN DES CHAMPS;;;
ST MARTIN DE SALENCEY;;;
ST MARTIN DE LIXY;;;
ST MARTIN D ORDON;;;
ST MARTIN D HEUILLE;;;
ST MARTIN D AUXY;;;
ST MARTIN BELLE ROCHE;;;
ST MARD DE VAUX;;;
ST MARCELIN DE CRAY;;;
ST MARCEL;;;
ST MARC SUR SEINE;;;
ST LUPICIN;;;
ST LOUP SUR SEMOUSE;;;
ST LOUP NANTOUARD;;;
ST LOUP GEANGES;;;
ST LOUP DE VARENNES;;;
ST LOUP D ORDON;;;
ST LOUP;;;
ST LOTHAIN;;;
ST LEGER VAUBAN;;;
ST LEGER TRIEY;;;
ST LEGER SUR DHEUNE;;;
ST LEGER SOUS LA BUSSIERE;;;
ST LEGER LES PARAY;;;
ST LEGER DU BOIS;;;
ST LAURENT LA ROCHE;;;
ST LAURENT EN GRANDVAUX;;;
ST LAURENT EN BRIONNAIS;;;
ST LAURENT D ANDENAY;;;
ST JULIEN SUR DHEUNE;;;
ST JULIEN LES RUSSEY;;;
ST JULIEN LES MONTBELIARD;;;
ST JULIEN DU SAULT;;;
ST JULIEN DE JONZY;;;
ST JULIEN DE CIVRY;;;
ST JULIEN;;;
ST JUAN;;;
ST JEAN LE PRICHE;;;
ST JEAN DE VAUX;;;
ST JEAN DE TREZY;;;
ST JEAN DE LOSNE;;;
ST JEAN DE BOEUF;;;
ST JEAN D ETREUX;;;
ST IGNY DE ROCHE;;;
ST HYMETIERE;;;
ST HIPPOLYTE;;;
ST HILAIRE;;;
ST GORGON MAIN;;;
ST GILLES;;;
ST GERVAIS SUR COUCHES;;;
ST GERVAIS EN VALLIERE;;;
ST GERMAIN LES BUXY;;;
ST GERMAIN LES ARLAY;;;
ST GERMAIN LE ROCHEUX;;;
ST GERMAIN LE CHATELET;;;
ST GERMAIN EN BRIONNAIS;;;
ST GERMAIN DU PLAIN;;;
ST GERMAIN DU BOIS;;;
ST GERMAIN DES CHAMPS;;;
ST GERMAIN DES BOIS;;;
ST GERMAIN DE MODEON;;;
ST GERMAIN;;;
ST GEORGES SUR BAULCHE;;;
ST GENGOUX LE NATIONAL;;;
ST GENGOUX DE SCISSE;;;
ST FLORENTIN;;;
ST FIRMIN;;;
ST FERJEUX;;;
ST FARGEAU;;;
ST EUSEBE;;;
ST ETIENNE EN BRESSE;;;
ST EMILAND;;;
ST ELOI;;;
ST EDMOND;;;
ST DIZIER L EVEQUE;;;
ST DIDIER EN BRIONNAIS;;;
ST DIDIER EN BRESSE;;;
ST DIDIER;;;
ST DESERT;;;
ST DENIS SUR OUANNE;;;
ST DENIS DE VAUX;;;
ST DENIS;;48,9356;2,3539
ST CYR MONTMALIN;;;
ST CYR LES COLONS;;;
ST CYR;;;
ST CLEMENT SUR GUYE;;;
ST CLEMENT;;;
ST CLAUDE;;;
ST CHRISTOPHE EN BRIONNAIS;;;
ST CHRISTOPHE EN BRESSE;;;
ST BRIS LE VINEUX;;;
ST BRANCHER;;;
ST BONNET EN BRESSE;;;
ST BONNET DE JOUX;;;
ST BONNET DE CRAY;;;
ST BOIL;;;
ST BERNARD;;;
ST BERAIN SUR DHEUNE;;;
ST BERAIN SOUS SANVIGNES;;;
ST BARTHELEMY;;;
ST BARAING;;;
ST AUBIN SUR YONNE;;;
ST AUBIN DES CHAUMES;;;
ST AUBIN CHATEAU NEUF;;;
ST AUBIN;;;
ST APOLLINAIRE;;;
ST ANTHOT;;;
ST ANDRE LE DESERT;;;
ST ANDRE EN MORVAN;;;
ST ANDRE EN BRESSE;;;
ST ANDELAIN;;;
ST AMOUR BELLEVUE;;;
ST AMOUR;;;
ST AMBREUIL;;;
ST AMAND EN PUISAYE;;;
ST ALBAIN;;;
ST AGNAN;;;
SPOY;;47,4461;5,19
SOYE;;;
SOUVANS;;;
SOUSSEY SUR BRIONNE;;;
SOURANS;;;
SOUMAINTRAIN;;;
SOUHEY;;;
SOUGERES SUR SINOTTE;;;
SOUGERES EN PUISAYE;;;
SOUCY;;48,2494;3,3242
SOUCIA;;;
SORNAY;;46,6267;5,1789
SORMERY;;;
SORANS LES BREUREY;;47,3969;6,0508
SOMMECAISE;;;
SOMBERNON;;47,3078;4,7075
SOMBACOUR;;;
SOLUTRE POUILLY;;;
SOLOGNY;;46,36;4,6828
SOISSONS SUR NACEY;;;
SOIRANS;;47,2067;5,2886
SOING CUBRY CHARENTENAY;;;
SOCHAUX;;47,5144;6,8314
SIVIGNON;;;
SIMARD;;46,7211;5,1808
SIMANDRE;;46,6231;4,9883
SILLEY BLEFOND;;;
SILLEY AMANCEY;;;
SIGY LE CHATEL;;46,5547;4,5744
SEVREY;;46,7383;4,8406
SEVEUX;;;
SEVENANS;;;
SEURRE;;46,9986;5,1467
SERY;;;
SERVIN;;;
SERVIGNEY;;;
SERVANCE;;47,8147;6,6822
SERRIGNY EN BRESSE;;;
SERRIGNY;;;
SERRIERES;;;
SERRE LES SAPINS;;;
SERRE LES MOULIERES;;;
SERMOISE SUR LOIRE;;46,9517;3,185
SERMIZELLES;;;
SERMESSE;;;
SERMANGE;;47,1931;5,65
SERMAMAGNY;;47,6922;6,8358
SERLEY;;;
SERGINES;;48,3422;3,2614
SERGENON;;;
SERGENAUX;;;
SERCY;;;
SERBONNES;;;
SEPTMONCEL;;;
SEPTFONTAINES;;;
SEPEAUX;;;
SENS SUR SEILLE;;;
SENS;;48,1972;3,2833
SENOZAN;;46,3942;4,8661
SENONCOURT;;;
SENNEVOY LE HAUT;;;
SENNECEY LES DIJON;;47,2906;5,1053
SENNECEY LE GRAND;;46,6425;4,8703
SENNECE LES MACON;;;
SENAN;;47,9133;3,3592
SEMUR EN BRIONNAIS;;46,2628;4,0908
SEMUR EN AUXOIS;;47,4908;4,3328
SEMONDANS;;;
SEMOND;;;
SEMMADON;;;
SEMEZANGES;;;
SEMENTRON;;;
SEMAREY;;;
SELONGEY;;47,5878;5,1856
SELONCOURT;;47,4606;6,8583
SELLIERES;;;
SELLES;;;
SEIGNELAY;;47,9033;3,6017
SEGROIS;;;
SECHIN;;;
SCYE;;;
SCEY SUR SAONE ET ST ALBIN;;;
SCEY MAISIERES;;;
SCEAUX;;;
SAVOYEUX;;;
SAVOUGES;;;
SAVOLLES;;47,3764;5,275
SAVIGNY SUR SEILLE;;;
SAVIGNY SUR GROSNE;;;
SAVIGNY SUR CLAIRIS;;48,0747;3,0933
SAVIGNY SOUS MALAIN;;;
SAVIGNY LES BEAUNE;;47,0636;4,8183
SAVIGNY LE SEC;;47,4303;5,0531
SAVIGNY EN TERRE PLAINE;;;
SAVIGNY EN REVERMONT;;46,6342;5,4211
SAVIGNA;;;
SAVIANGES;;;
SAUVIGNY LE BOIS;;47,5131;3,9408
SAUVIGNEY LES PESMES;;;
SAUVIGNEY LES GRAY;;;
SAUVAGNEY;;;
SAUSSY;;;
SAUSSEY;;;
SAUNIERES;;;
SAULX LE DUC;;;
SAULX;;;
SAULON LA RUE;;;
SAULON LA CHAPELLE;;;
SAULNOT;;;
SAULIEU;;47,28;4,2286
SAULES;;;
SAUGEOT;;;
SASSENAY;;46,8308;4,9217
SASSANGY;;;
SARRY;;48,9178;4,4067
SARROGNA;;;
SARRAGEOIS;;;
SAPONCOURT;;;
SAPOIS;;;
SAONE;;47,2247;6,1178
SANVIGNES LES MINES;;46,6653;4,2936
SANTOSSE;;;
SANTILLY;;;
SANTIGNY;;;
SANTENAY;;;
SANTANS;;;
SANCEY LE GRAND;;;
SANCE;;46,3403;4,8308
SAMPIGNY LES MARANGES;;;
SAMPANS;;47,1258;5,4569
SAMEREY;;47,09;5,3606
SALORNAY SUR GUYE;;46,5192;4,5967
SALMAISE;;;
SALIVES;;;
SALINS LES BAINS;;46,9411;5,8783
SALIGNY;;;
SALIGNEY;;;
SALANS;;47,1647;5,7922
SAIZENAY;;;
SAISY;;;
SAINTS;;48,7589;3,0503
sainte pallaye;;;
Sainte COLOMBE;;;
SAINT-LEGER-LES-PARAY;;;
saint martin du mont;;;
saint bernard;;;
SAINPUITS;;;
SAILLY;;;
SAILLENARD;;;
SAGY;;;
SAFFRES;;;
SACY;;49,1972;3,9483
SACQUENAY;;;
RYE;;;
RUREY;;;
RUPT SUR SAONE;;;
RULLY;;49,235;2,7278
RUHANS;;;
RUFFEY SUR SEILLE;;46,7442;5,4953
RUFFEY LES ECHIREY;;47,3667;5,0833
RUFFEY LES BEAUNE;;;
RUFFEY LE CHATEAU;;;
ROYER;;;
ROYE;;;
ROUVRES EN PLAINE;;47,2386;5,1411
ROUVRAY;;49,0653;1,3378
ROUTELLE;;;
ROUSSON;;44,1786;4,15
ROULANS;;;
ROUGEMONTOT;;;
ROUGEMONT LE CHATEAU;;47,7356;6,9672
ROUGEMONT;;47,4811;6,355
ROUGEGOUTTE;;47,7322;6,8511
ROUFFANGE;;;
ROTHONAY;;;
ROTALIER;;;
ROSOY;;48,1506;3,3119
ROSIERES SUR MANCE;;;
ROSEY;;47,5656;6,0278
ROSET FLUANS;;;
ROPPE;;;
RONDEFONTAINE;;;
RONCHAUX;;;
RONCHAMP;;47,7003;6,6333
ROMENAY;;;
ROMANGE;;;
ROMANECHE THORINS;;46,1897;4,7361
ROMAIN;;;
ROMAGNY SOUS ROUGEMONT;;;
ROGNY LES SEPT ECLUSES;;;
ROGNON;;;
ROGNA;;;
ROCHES LES BLAMONT;;;
ROCHEJEAN;;;
ROCHEFORT SUR NENON;;;
ROCHE LEZ BEAUPRE;;47,2761;6,1142
RIX;;;
RIOZ;;;
RIGNY SUR ARROUX;;;
RIGNY;;;
RIGNOSOT;;;
RIGNEY;;;
RIERVESCEMONT;;;
REVIGNY;;;
REULLE VERGY;;;
REUGNEY;;;
REPPE;;;
RENNES SUR LOUE;;47,0122;5,8528
RENEVE;;;
REMORAY BOUJEONS;;;
REMONDANS VAIVRE;;;
REMILLY SUR TILLE;;;
REMILLY EN MONTAGNE;;;
REMIGNY;;49,7197;3,2886
RELANS;;;
RECOUVRANCE;;;
RECOLOGNE LES RIOZ;;;
RECOLOGNE LES RAY;;;
RECOLOGNE;;;
RECHESY;;;
RECEY SUR OURCE;;;
REBOURSEAUX;;;
RAZE;;;
RAYNANS;;;
RAY SUR SAONE;;;
RAVILLOLES;;46,4256;5,8025
RAVIERES;;;
RAVEAU;;;
RATTE;;46,645;5,3031
RATENELLE;;;
RANTECHAUX;;;
RANS;;;
RANG;;;
RANDEVILLERS;;;
RANCY;;;
RANCHOT;;;
RANCENAY;;;
RAINANS;;;
RAHON;;;
QUINTIGNY;;;
QUINGEY;;;
QUINCEY;;47,1103;4,9717
QUINCEROT;;;
QUETIGNY;;47,3144;5,1061
QUENOCHE;;;
QUENNE;;47,7769;3,6497
QUEMIGNY SUR SEINE;;;
QUEMIGNY POISOT;;;
QUARRE LES TOMBES;;47,3681;3,9975
PUSY ET EPENOUX;;;
PUSEY;;;
PURGEROT;;;
PUPILLIN;;;
PULIGNY MONTRACHET;;46,9458;4,7542
PUGEY;;;
PUBLY;;;
PRUZILLY;;;
PRUNOY;;;
PROVENCY;;47,5464;3,9558
PROVENCHERE;;;
PRISSEY;;;
PRISSE;;46,3214;4,7447
PRETY;;46,5433;4,9425
PRESSY SOUS DONDIN;;;
PRESLE;;;
PRESILLY;;;
PRESENTEVILLERS;;;
PRENOIS;;;
PREMIERES;;;
PREMEAUX PRISSEY;;;
PREMANON;;46,4619;6,0314
PREHY;;;
PREGILBERT;;;
PRECY SUR VRIN;;47,9675;3,2475
PRECY LE SEC;;;
PRATZ;;;
PRALON;;;
POUSSEAUX;;;
POURRAIN;;47,755;3,4122
POULIGNEY LUSANS;;;
POUILLY SUR VINGEANNE;;;
POUILLY SUR SAONE;;47,0183;5,1172
POUILLY SUR LOIRE;;47,2828;2,9578
POUILLY EN AUXOIS;;47,2628;4,5558
POUILLOUX;;;
POUILLEY LES VIGNES;;;
POUILLEY FRANCAIS;;47,2072;5,8444
POUILLENAY;;;
POUGUES LES EAUX;;47,0744;3,1014
POTHIERES;;;
PORT SUR SAONE;;47,6883;6,0444
PORT LESNEY;;;
PORT D ATELIER;;;
PONTOUX;;;
PONTIGNY;;47,9069;3,7108
PONTCEY;;;
PONTAUBERT;;;
PONTARLIER;;46,9061;6,3547
PONTANEVAUX;;;
PONTAILLER SUR SAONE;;47,3064;5,4117
PONT SUR YONNE;;48,2858;3,2031
PONT SUR VANNE;;48,1842;3,4428
PONT SUR L OGNON;;;
PONT LES MOULINS;;;
PONT ET MASSENE;;;
PONT DU BOIS;;;
PONT DE ROIDE;;;
PONT DE POITTE;;;
PONT DE PANY;;;
PONT D HERY;;;
PONT;;47,1764;5,3158
PONCEY SUR L IGNON;;;
PONCEY LES ATHEE;;47,2406;5,3889
POMOY;;;
POMMARD;;47,0092;4,795
POLIGNY;;;
POLAINCOURT CLAIREFONTAINE;;;
POISSON;;;
POISEUL LES SAULX;;;
POISEUL LA GRANGE;;;
POISEUL ET LAPERRIERE;;;
POINTVILLERS;;;
POINTRE;;;
POINCHY;;;
POILLY SUR THOLON;;;
POILLY SUR SEREIN;;;
PLUVET;;;
PLUVAULT;;;
PLUMONT;;;
PLOTTES;;;
PLOMBIERES LES DIJON;;47,3394;4,9722
PLEURE;;;
PLESSIS ST JEAN;;;
PLASNE;;;
PLANCHER LES MINES;;;
PLANCHER BAS;;;
PLAINOISEAU;;;
PLAINEMONT;;;
PLAIMBOIS VENNES;;;
PLAIMBOIS DU MIROIR;;;
PLACEY;;;
PISY;;;
PIREY;;47,2617;5,9631
PIN;;;
PIMORIN;;;
PIFFONDS;;48,0556;3,1464
PIERREFONTAINE LES VARANS;;;
PIERREFONTAINE LES BLAMONT;;47,3756;6,8392
PIERRECLOS;;;
PIERRE DE BRESSE;;46,8839;5,2622
PICHANGES;;;
PICARREAU;;;
PHAFFANS;;;
PETITMAGNY;;;
PETITE CHAUX;;;
PETIT NOIR;;;
PETIT CROIX;;;
PESSANS;;;
PESMES;;;
PESEUX;;;
PERROUSE;;;
PERRIGNY SUR L OGNON;;;
PERRIGNY LES DIJON;;47,2658;5,0072
PERRIGNY;;46,6686;5,5853
PERREUX;;46,0381;4,1222
PERREUIL;;;
PERRECY LES FORGES;;46,6147;4,2147
PEROUSE;;47,6369;6,8906
PERONNE;;49,9322;2,9364
PERNAND VERGELESSES;;47,08;4,8511
PERCEY;;;
PENNESIERES;;;
PELOUSEY;;;
PELLEREY;;;
PEINTRE;;;
PATORNAY;;;
PASSY;;45,9236;6,6864
PASSONFONTAINE;;;
PASSENANS;;;
PASSAVANT LA ROCHERE;;;
PASSAVANT;;;
PASQUES;;;
PAROY SUR THOLON;;;
PAROY EN OTHE;;;
PAROY;;;
PARON;;48,1894;3,2639
PARLY;;;
PARIS L HOPITAL;;;
PARCEY;;47,0225;5,4867
PARAY LE MONIAL;;46,4511;4,1194
PANNESSIERES;;;
PALLEAU;;;
PALISE;;;
PALINGES;;;
PALANTINE;;;
PALANTE;;;
PAINBLANC;;;
PAILLY;;;
PAGNY LE CHATEAU;;47,0472;5,1964
PAGNY LA VILLE;;;
PAGNOZ;;;
PAGNEY;;47,2492;5,7025
PACY SUR ARMANCON;;;
OZOLLES;;;
OZENAY;;;
OYE ET PALLET;;;
OYE;;;
OVANCHES;;;
OUVANS;;;
OUSSIERES;;;
OUROUX SUR SAONE;;46,7219;4,9542
OUROUX BOIS STE MARIE;;;
OUROUER;;;
OUR;;;
OUNANS;;;
OUHANS;;;
OUGNEY DOUVOT;;47,3114;6,2581
OUGNEY;;;
OUGES;;47,2614;5,0753
OUANNE;;;
OUAGNE;;;
OSSELLE;;;
OSSE;;48,0558;-1,4494
OSLON;;46,7836;4,9225
ORVE;;;
ORSANS;;;
ORNANS;;47,1053;6,1431
ORMOY;;;
ORMES;;;
ORMENANS;;;
ORICOURT;;;
ORGEUX;;;
ORGELET;;;
ORCHAMPS VENNES;;;
ORCHAMPS;;;
ORBAGNA;;;
ORAIN;;;
ONANS;;;
OISY;;47,4689;3,4456
OISILLY;;;
OISELAY ET GRACHAUX;;;
OFFLANGES;;47,2083;5,5506
OFFEMONT;;47,6633;6,8775
NUITS ST GEORGES;;;
NUITS;;;
NUARS;;;
NOZEROY;;;
NOYERS;;47,6969;3,9939
NOVILLARS;;47,2858;6,1294
NOVILLARD;;;
NOROY LE BOURG;;;
NORGES LA VILLE;;47,4078;5,0769
NOMMAY;;47,5381;6,8472
NOLAY;;;
NOIRONTE;;;
NOIRON SUR BEZE;;;
NOIRON SOUS GEVREY;;47,1936;5,08
NOIREFONTAINE;;47,3489;6,7619
NOIDANS LES VESOUL;;47,6144;6,1256
NOIDANS LE FERROUX;;;
NOGNA;;;
NOEL CERNEUX;;;
NOE;;43,3539;1,2744
NODS;;;
NOD SUR SEINE;;;
NOCHIZE;;;
NITRY;;47,6722;3,8786
NICEY;;;
NEVY SUR SEILLE;;;
NEVY LES DOLE;;;
NEVERS;;46,9925;3,1567
NEUVY SUR LOIRE;;47,5225;2,8819
NEUVY SAUTOUR;;;
NEUVY GRANDCHAMP;;;
NEUVELLE LES LA CHARITE;;47,5381;5,9522
NEUVELLE LES CROMARY;;;
NEUVELLE LES CHAMPLITTE;;;
NEUREY LES LA DEMIE;;;
NEUREY EN VAUX;;;
NEUILLY LES DIJON;;47,2794;5,1075
NEUILLY;;;
NEUBLANS ABERGEMENT;;;
NAVILLY;;;
NAVENNE;;;
NARBIEF;;;
NANTOUX;;;
NANTON;;;
NANTILLY;;;
NANS SOUS STE ANNE;;;
NANCRAY;;;
NANCE;;;
NANC LES ST AMOUR;;;
NAISEY LES GRANGES;;;
NAILLY;;48,2236;3,2231
MYON;;;
MUTIGNEY;;;
MUSSY SOUS DUN;;;
MOVAL;;;
MOUTOUX;;;
MOUTIERS EN PUISAYE;;;
MOUTHIER HAUTE PIERRE;;;
MOUTHIER EN BRESSE;;46,8589;5,3883
MOUTHE;;46,7106;6,1936
MOULINS SUR OUANNE;;;
MOULINS EN TONNERROIS;;47,7317;4,0344
MOUFFY;;;
MOUCHARD;;46,9733;5,7972
MOTEY BESUCHE;;;
MORVILLARS;;;
MORTEAU;;47,0581;6,6061
MORRE;;47,2256;6,0653
MOROGES;;;
MORNAY;;;
MORLET;;;
MOREZ;;;
MOREY ST DENIS;;;
MOREY;;;
MORBIER;;;
MONTUREUX LES BAULAY;;;
MONTSEUGNY;;;
MONTSAUCHE LES SETTONS;;;
MONTROND LE CHATEAU;;47,1436;6,0461
MONTROND;;44,3817;5,7408
MONTREUX CHATEAU;;47,6103;7,0011
MONTRET;;;
MONTREAL;;;
MONTPONT EN BRESSE;;;
MONTPERREUX;;;
MONTOT;;;
MONTOILLOT;;;
MONTMOROT;;46,6761;5,5297
MONTMIREY LE CHATEAU;;;
MONTMIREY LA VILLE;;;
MONTMELARD;;;
MONTMANCON;;;
MONTMAIN;;;
MONTMAHOUX;;;
MONTLIOT ET COURCELLES;;;
MONTLEBON;;47,0417;6,6075
MONTJAY;;;
MONTILLOT;;;
MONTIGNY SUR ARMANCON;;;
MONTIGNY MORNAY VILLENEUVE;;;
MONTIGNY LES VESOUL;;;
MONTIGNY LES ARSURES;;;
MONTIGNY LA RESLE;;47,8658;3,68
MONTHOLON;;;
MONTHOLIER;;;
MONTHELON;;;
MONTHELIE;;;
MONTGESOYE;;;
MONTFORT;;;
MONTFLOVIN;;;
MONTFLEUR;;;
MONTFERRAND LE CHATEAU;;;
MONTFAUCON;;;
MONTESSAUX;;;
MONTEPLAIN;;;
MONTENOIS;;;
MONTECHEROUX;;;
MONTCOY;;;
MONTCONY;;;
MONTCHANIN;;46,7481;4,4689
MONTCEY;;;
MONTCENIS;;46,7906;4,3889
MONTCEAUX L ETOILE;;;
MONTCEAU LES MINES;;46,6669;4,3689
MONTCEAU ET ECHARNANT;;;
MONTBOZON;;;
MONTBOUTON;;;
MONTBOILLON;;;
MONTBENOIT;;;
MONTBELLET;;46,4753;4,8719
MONTBELIARDOT;;;
MONTBELIARD;;47,5097;6,7983
MONTBARREY;;;
MONTBARD;;47,6231;4,3369
MONTARLOT LES RIOZ;;;
MONTARLOT LES CHAMPLITTE;;;
MONTANDON;;;
MONTAIN;;;
MONTAIGU;;;
MONTAGNY SUR GROSNE;;;
MONTAGNY PRES LOUHANS;;;
MONTAGNY LES SEURRE;;;
MONTAGNY LES BUXY;;;
MONTAGNY LES BEAUNE;;46,9911;4,8494
MONTAGNEY SERVIGNEY;;;
MONTAGNEY;;;
MONTAGNA LE TEMPLIER;;;
MONT SUR MONNET;;;
MONT ST VINCENT;;;
MONT ST SULPICE;;;
MONT ST LEGER;;;
MONT ST JEAN;;;
MONT SOUS VAUDREY;;;
MONT LES SEURRE;;;
MONT LE VERNOIS;;;
MONT DE VOUGNEY;;;
MONT DE LAVAL;;;
MONNIERES;;;
MONETEAU;;47,85;3,5783
MONCLEY;;;
MONCEY;;;
MOLOY;;;
MOLOSMES;;;
MOLLANS;;;
MOLINOT;;;
MOLINONS;;;
MOLINGES;;;
MOLESMES;;;
MOLESME;;;
MOLAY;;47,7347;3,9394
MOLAMBOZ;;;
MOISSEY;;;
MOIRON;;;
MOIRANS EN MONTAGNE;;46,4317;5,7256
MOFFANS ET VACHERESSE;;47,6292;6,5506
MISEREY SALINES;;;
MIREBEL;;;
MIREBEAU SUR BEZE;;47,3989;5,3183
MINOT;;;
MIMEURE;;;
MILLY LAMARTINE;;46,3489;4,6989
MILLY;;;
MILLERY;;45,6322;4,7819
MIGNOVILLARD;;46,7914;6,1258
MIGNAVILLERS;;;
MIGENNES;;47,9647;3,5167
MIGE;;;
MIELLIN;;;
MICHERY;;48,3094;3,2347
MEZIRE;;47,5311;6,9197
MEZILLES;;;
MEUSSIA;;;
MEURSAULT;;46,9781;4,7706
MEURSANGES;;;
MEURCOURT;;;
MEUILLEY;;;
METZ LE COMTE;;47,3914;3,6392
METABIEF;;46,7731;6,3517
MESVRES;;46,8625;4,2419
MESVES SUR LOIRE;;47,2433;2,9931
MESSIGNY ET VANTOUX;;47,4058;5,0175
MESSIA SUR SORNE;;46,6622;5,5122
MESSEY SUR GROSNE;;;
MESSANGES;;43,8156;-1,3786
MESNAY;;;
MESMONT;;47,3128;4,7444
MESMAY;;;
MESLIERES;;;
MESANDANS;;;
MERVANS;;;
MERSUAY;;;
MERRY SUR YONNE;;;
MERRY SEC;;;
MERRY LA VALLEE;;;
MEROUX;;47,5956;6,9
MEREY VIEILLEY;;;
MEREY SOUS MONTROND;;;
MERCY;;;
MERCUREY;;46,8333;4,7217
MERCEY LE GRAND;;;
MERCEUIL;;46,9492;4,8417
MENOUX;;;
MENOTEY;;;
MENONCOURT;;;
MENETRU LE VIGNOBLE;;;
MENETREUX LE PITOIS;;47,5586;4,4714
MENETREUIL;;;
MEMBREY;;;
MELOISEY;;;
MELLECEY;;;
MELISEY;;;
MELIN;;;
MELECEY;;;
MELAY;;46,2136;4,0169
MEILLY SUR ROUVRES;;;
MEDIERE;;;
MAZILLE;;46,3922;4,6014
MAZEROLLES LE SALIN;;;
MAYNAL;;;
MAXILLY SUR SAONE;;47,3342;5,4278
MAVILLY MANDELOT;;;
MATOUR;;;
MATHAY;;47,4369;6,7833
MASSINGY LES SEMUR;;47,5108;4,4014
MASSINGY;;;
MASSILLY;;;
MASSANGIS;;;
MARZY;;46,9808;3,0933
MARY;;46,6172;4,5081
MARVELISE;;;
MARTIGNY LE COMTE;;;
MARTIGNA;;;
MARTAILLY LES BRANCION;;;
MARSANNAY LE BOIS;;;
MARSANNAY LA COTE;;47,2706;4,9886
MARSANGY;;48,1103;3,2578
MARNOZ;;;
MARNEZIA;;;
MARNAY;;47,2897;5,7717
MARMEAUX;;47,5822;4,0964
MARMAGNE;;47,1014;2,2836
MARLY SUR ARROUX;;;
MARLIENS;;;
MARIZY;;;
MARIGNY LES REULLEE;;;
MARIGNY LE CAHOUET;;;
MARIGNY L EGLISE;;;
MARIGNY;;46,1975;-0,4178
MAREY SUR TILLE;;;
MAREY LES FUSSEY;;;
MARCILLY SUR TILLE;;;
MARCILLY OGNY;;;
MARCILLY LES BUXY;;46,7139;4,5872
MARCILLY ET DRACY;;;
MARCIGNY;;46,2747;4,0414
MARCHAUX;;47,3233;6,1328
MARANDEUIL;;;
MANTRY;;;
MANTOCHE;;;
MANDREVILLARS;;;
MANDEURE;;47,4511;6,8056
MANCEY;;;
MANCENANS;;;
MAMIROLLE;;47,1969;6,1617
MALVILLERS;;;
MALPAS;;;
MALIGNY;;;
MALICORNE;;46,3017;2,7822
MALBUISSON;;46,7981;6,3033
MALBRANS;;;
MALAY LE GRAND;;48,1747;3,3411
MALAY;;46,5664;4,6817
MALANS;;;
MALANGE;;;
MALAIN;;;
MAIZIERES;;48,5842;6,0617
MAISONS DU BOIS LIEVREMONT;;;
maison dieu;;;
MAISOD;;;
MAILLY LE CHATEAU;;;
MAILLY LA VILLE;;;
MAILLOT;;;
MAILLEY ET CHAZELOT;;;
MAILLERONCOURT ST PANCRAS;;;
MAILLERONCOURT CHARETTE;;;
MAICHE;;47,2511;6,8036
MAGNY VERNOIS;;;
MAGNY SUR TILLE;;47,2761;5,1728
MAGNY ST MEDARD;;;
MAGNY MONTARLOT;;;
MAGNY LORMES;;;
MAGNY LES VILLERS;;;
MAGNY LES AUBIGNY;;;
MAGNY LAMBERT;;;
MAGNY LA VILLE;;;
MAGNY DANIGON;;;
MAGNY;;;
MAGNONCOURT;;47,8939;6,2853
MAGNIEN;;47,1017;4,4381
MACORNAY;;;
MACONGE;;47,2206;4,5775
MACON;;46,3067;4,8319
LYOFFANS;;47,6481;6,5811
LUZY;;46,7894;3,97
LUZE;;47,5969;6,7397
LUXIOL;;47,3811;6,3492
LUXEUIL LES BAINS;;47,8161;6,3808
LUX;;;
LUSIGNY SUR OUCHE;;;
LURE;;47,6831;6,4967
LUGNY;;;
LUCY SUR YONNE;;;
LUCY SUR CURE;;;
LUCY LE BOIS;;;
LUCENAY LE DUC;;;
LOUVENNE;;;
LOUVATANGE;;;
LOURNAND;;46,4558;4,6503
LOULANS VERCHAMP;;;
LOUHANS;;46,6264;5,2247
LOUGRES;;47,4717;6,6867
LOUESME;;;
LOSNE;;47,0983;5,2631
LORMES;;;
LORAY;;;
LOOZE;;;
LONS LE SAUNIER;;46,6744;5,5539
LONGWY SUR LE DOUBS;;;
LONGVIC;;47,2878;5,0636
LONGEVILLES MONT D OR;;;
LONGEVELLE SUR DOUBS;;;
LONGEVELLE;;;
LONGEPIERRE;;;
LONGEMAISON;;;
LONGECOURT EN PLAINE;;47,1983;5,1494
LONGEAULT;;47,2219;5,2539
LONGCHAUMOIS;;46,4606;5,9325
LONGCHAMP;;;
LOMONT SUR CRETE;;;
LOMONT;;47,6242;6,6139
LOMBARD;;;
LOISY;;;
LOISIA;;;
LODS;;;
LOCHE;;;
LIZON;;;
LIZINE;;;
LIVRY;;49,1081;-0,7658
LINEXERT;;;
LINDRY;;;
LIGNY LE CHATEL;;;
LIGNY EN BRIONNAIS;;;
LIGNORELLES;;47,8631;3,7275
LIEVANS;;;
LIESLE;;47,0617;5,8147
LIEBVILLERS;;;
LICHERES SUR YONNE;;;
LICEY SUR VINGEANNE;;47,4811;5,3817
LEZINNES;;47,8008;4,0878
LEZAT;;;
LEYNES;;;
LEVIS;;;
LEVIER;;46,9536;6,1186
LEVERNOIS;;46,9956;4,8731
LEVAL;;;
LEUGNY;;;
LESSARD LE NATIONAL;;;
LESSARD EN BRESSE;;46,7406;5,0936
LESCHERES;;45,8897;4,7425
LES VILLEDIEU;;;
LES TERRES DE CHAUX;;;
LES SIEGES;;;
LES ROUSSES;;46,4858;6,0617
LES PONTETS;;;
LES PLANCHES PRES ARBOIS;;;
LES PIARDS;;;
LES ORMES;;46,9722;0,6061
LES MOLUNES;;;
LES MAILLYS;;;
LES HOPITAUX VIEUX;;;
LES HOPITAUX NEUFS;;;
LES HAYS;;;
LES GUERREAUX;;;
LES GRAS;;;
LES GRANGETTES;;46,8278;6,3111
LES GAUTHERETS;;;
LES FOURGS;;46,8342;6,4053
LES FONTENELLES;;;
LES FINS;;47,0808;6,6283
LES ESSARDS TAIGNEVAUX;;;
LES ECORCES;;;
LES DEUX FAYS;;;
LES COMBES;;;
LES BRESEUX;;;
LES BORDES;;46,9806;1,9758
LES BIZOTS;;;
LES ARSURES;;;
LERY;;49,2853;1,2067
LEPUIX NEUF;;;
LEPUIX;;;
LECHATELET;;46,6417;2,2831
LEBETAIN;;;
LE VILLARS;;46,5311;4,9308
LE VERNOY;;;
LE VERNOIS;;46,9956;4,8731
LE VAL ST ELOI;;;
LE RUSSEY;;47,1628;6,73
LE ROUSSET;;;
LE PUY;;;
LE PULEY;;;
LE PONT DE PLANCHES;;;
LE PIN;;;
LE PETIT MERCEY;;;
LE MOUTHEROT;;;
LE MIROIR;;;
LE MAGNORAY;;;
LE LOUVEROT;;;
LE GRATTERIS;;;
LE FRASNOIS;;;
LE FIED;;;
LE FAY;;;
LE DESCHAUX;;46,9528;5,5019
LE CREUSOT;;46,8006;4,4403
LE CHATELEY;;;
LE BREUIL;;46,7944;4,4833
LE BIZOT;;;
LE BELIEU;;;
LE BARBOUX;;;
LAVONCOURT;;;
LAVIRON;;47,2561;6,5519
LAVIGNY;;;
LAVIGNEY;;;
LAVERNAY;;;
LAVAU;;;
LAVANS VUILLAFANS;;;
LAVANS SUR VALOUSE;;;
LAVANS QUINGEY;;;
LAVANS LES ST CLAUDE;;;
LAVANS LES DOLE;;;
LAVANGEOT;;;
LASSON;;;
LARRIVOIRE;;;
LARREY;;;
LAROCHE ST CYDROINE;;;
LARNOD;;;
LARNAUD;;;
LARIVIERE;;47,6764;6,9978
LARIANS ET MUNANS;;;
LAPERRIERE SUR SAONE;;;
LANTHES;;;
LANTHENANS;;;
LANTENOT;;;
LANTENNE VERTIERE;;;
LANTENAY;;47,3422;4,8667
LANS;;;
LANDRESSE;;;
LANANS;;;
LAMOURA;;46,3953;5,9667
LAMARGELLE;;;
LAMARCHE SUR SAONE;;47,2694;5,3853
LALHEUE;;;
LALANDE;;;
LAJOUX;;46,375;5,9717
LAIZY;;;
LAIZE;;46,3953;4,8061
LAIVES;;46,6453;4,8456
LAISSEY;;;
LAIRE;;;
LAINSECQ;;;
LAILLY;;48,2436;3,5303
LAGRANGE;;;
LADUZ;;;
LADOYE SUR SEILLE;;;
LADOIX SERRIGNY;;47,0661;4,8867
LACROST;;46,5561;4,9292
LACOLLONGE;;;
LACHAPELLE SOUS ROUGEMONT;;;
LACHAPELLE SOUS CHAUX;;47,7047;6,8211
LACANCHE;;;
LABRUYERE;;;
LABERGEMENT STE MARIE;;;
LABERGEMENT LES SEURRE;;;
LABERGEMENT LES AUXONNE;;47,1581;5,3808
LABERGEMENT FOIGNEY;;47,2572;5,25
LA VINEUSE;;;
LA VILLOTTE;;;
LA VILLENEUVE SUR VINGEANNE;;;
LA VILLENEUVE;;;
LA VILLEDIEU EN FONTENETTE;;;
LA VIEILLE LOYE;;;
LA VEZE;;;
LA TRUCHERE;;46,5158;4,9514
LA TOUR DU MEIX;;;
LA TOUR DE SCAY;;;
LA TAGNIERE;;;
LA SOMMETTE;;;
LA SALLE;;46,4083;4,8697
LA ROCHEPOT;;;
LA ROCHELLE;;46,1594;-1,1514
LA ROCHE VINEUSE;;46,3469;4,7178
LA ROCHE VANNEAU;;;
LA ROCHE MOREY;;;
LA RIVIERE DRUGEON;;46,8675;6,2158
LA RESIE ST MARTIN;;;
LA RACINEUSE;;;
LA QUARTE;;;
LA PRETIERE;;;
LA PLANEE;;;
LA NEUVELLE LES SCEY;;;
LA NEUVELLE LES LURE;;;
LA MOUILLE;;;
LA MOTTE TERNANT;;;
LA MOTTE ST JEAN;;;
LA MARRE;;46,7347;5,6989
LA MALACHERE;;;
LA MAISON DIEU;;;
LA LOYERE;;;
LA LOYE;;;
LA LONGEVILLE;;;
LA GUICHE;;;
LA GRANDE RESIE;;;
LA GENETE;;46,5514;5,045
LA FRETTE;;45,3906;5,3606
LA FERTE LOUPIERE;;47,8956;3,2356
LA FERTE;;;
LA DEMIE;;;
LA CURE;;;
LA CREUSE;;;
LA CLUSE ET MIJOUX;;46,8719;6,3786
LA CLAYETTE;;46,2897;4,3047
LA CHEVILLOTTE;;;
LA CHENALOTTE;;;
LA CHAUX;;;
LA CHAUMUSSE;;;
LA CHATELAINE;;;
LA CHARMEE;;;
LA CHARITE SUR LOIRE;;47,1769;3,0189
LA CHAPELLE VAUPELTEIGNE;;;
LA CHAPELLE THECLE;;;
LA CHAPELLE SUR FURIEUSE;;;
LA CHAPELLE ST SAUVEUR;;;
LA CHAPELLE ST QUILLAIN;;;
LA CHAPELLE ST ANDRE;;;
LA CHAPELLE SOUS UCHON;;;
LA CHAPELLE SOUS DUN;;;
LA CHAPELLE SOUS BRANCION;;;
LA CHAPELLE PONTANEVAUX;;;
LA CHAPELLE NAUDE;;;
LA CHAPELLE MONT DE FRANCE;;;
LA CHAPELLE LES LUXEUIL;;47,7711;6,3667
LA CHAPELLE DE GUINCHAY;;46,2106;4,7547
LA CHAPELLE DE BRAGNY;;;
LA CHAPELLE AU MANS;;;
LA CELLE SUR LOIRE;;47,4722;2,9294
LA CELLE ST CYR;;;
LA BUSSIERE SUR OUCHE;;47,2169;4,7217
LA BRUYERE;;;
LA BRETENIERE;;;
LA BOISSIERE;;;
LA BARRE;;;
LA BALME D EPY;;;
L ISLE SUR SEREIN;;;
L ISLE SUR LE DOUBS;;47,4478;6,5861
L HOPITAL LE MERCIER;;;
L HOPITAL DU GROSBOIS;;47,1719;6,2164
L ETOILE;;;
L ETANG VERGY;;47,1775;4,8775
L ECOUVOTTE;;;
L AUBEPIN;;;
L ABERGEMENT STE COLOMBE;;;
L ABERGEMENT DE CUISERY;;;
JUSSY;;49,7203;3,2314
JUSSEY;;;
JUNAY;;;
JULLY LES BUXY;;46,6903;4,6956
JULLY;;;
JUIF;;;
JUGY;;;
JOUY;;;
JOUX LA VILLE;;47,6225;3,8625
JOUVENCON;;;
JOURS EN VAUX;;;
JOUHE;;;
JOUGNE;;46,7636;6,3878
JOUEY;;47,1533;4,4472
JOUDES;;;
JONCY;;46,6133;4,5581
JONCHEREY;;;
JOIGNY;;47,9822;3,3972
JEURRE;;;
JAULGES;;;
JASNEY;;;
JANCIGNY;;;
JAMBLES;;;
JALOGNY;;;
JALLERANGE;;;
JALLANGES;;;
IZIER;;47,2817;5,1911
IZEURE;;;
IVRY EN MONTAGNE;;;
ISSY L EVEQUE;;46,7078;3,9733
ISSANS;;;
ISLAND;;47,4706;3,8464
IS SUR TILLE;;47,5208;5,1156
IRANCY;;47,7136;3,6647
IGUERANDE;;46,2053;4,0786
IGORNAY;;;
IGNY;;48,7422;2,2261
IGE;;;
HYEVRE PAROISSE;;;
HYET;;;
HYEMONDANS;;;
HURIGNY;;;
HUILLY SUR SEILLE;;;
HUGIER;;;
HUANNE MONTMARTIN;;47,4311;6,3444
HOUTAUD;;;
HEUILLEY SUR SAONE;;;
HERY;;47,9011;3,6261
HERIMONCOURT;;47,4406;6,8831
HERICOURT;;;
HAUTEVILLE LES DIJON;;47,3658;4,9947
HAUTEVELLE;;;
HAUTERIVE;;48,4775;0,1994
HAUTEPIERRE LE CHATELET;;;
HAUTEFOND;;;
HAUT THEM CHATEAU LAMBERT;;;
GY L EVEQUE;;47,7214;3,5483
GY;;47,4061;5,8122
GUYANS VENNES;;;
GUYANS DURNES;;;
GURGY;;47,8664;3,5603
GUILLON;;;
GUEUGNON;;46,6011;4,0608
GUERIGNY;;47,0878;3,1947
GUERFAND;;;
GUERCHY;;;
GRUSSE;;;
GROZON;;;
GROSNE;;;
GROSMAGNY;;;
GROSBOIS LES TICHEY;;;
GROSBOIS EN MONTAGNE;;;
GROSBOIS;;;
GRON;;;
GRIMAULT;;;
GREVILLY;;;
GREUCOURT;;;
GRENAND LES SOMBERNON;;;
GREDISANS;;;
GRAYE ET CHARNAY;;;
GRAY LA VILLE;;47,4394;5,5728
GRAY;;47,4442;5,5914
GRATTERY;;;
GRANGES NARBOZ;;;
GRANGES LE BOURG;;;
GRANGES LA VILLE;;;
GRANGES;;;
grange le bocage;;;
GRANDVILLARS;;47,5389;6,9731
GRANDVELLE ET LE PERRENOT;;;
GRANDVAUX;;;
GRANDFONTAINE SUR CREUSE;;;
GRANDFONTAINE;;48,4925;7,1608
GRANDE RIVIERE;;;
grandchamp;;;
GRAND COMBE CHATELEU;;47,0261;6,57
GRAND CHARMONT;;47,5272;6,8236
GRANCEY SUR OURCE;;;
GRANCEY LE CHATEAU;;;
GRAMMONT;;;
GOUX SOUS LANDET;;;
GOUX LES USIERS;;;
GOUX LES DAMBELIN;;;
GOUX;;;
GOURGEON;;47,7183;5,8447
GOURDON;;44,7372;1,3828
GOUMOIS;;;
GOUHENANS;;;
GONVILLARS;;;
GONSANS;;;
GONDENANS LES MOULINS;;;
GLAY;;47,4056;6,8903
GLANON;;;
GLAND;;;
GLAMONDANS;;;
GIZIA;;;
GIVRY;;;
GISY LES NOBLES;;48,2808;3,2447
GISSEY SUR OUCHE;;47,2633;4,7675
GISSEY SOUS FLAVIGNY;;;
GISSEY LE VIEIL;;47,3231;4,4822
GIROMAGNY;;47,7422;6,8256
GIROLLES;;48,0617;2,7153
GILLY SUR LOIRE;;46,5381;3,7789
GILLY LES CITEAUX;;47,1728;4,9803
GILLEY;;;
GIGNY SUR SAONE;;46,6611;4,9461
GIGNY;;;
GIBLES;;;
GEZIER ET FONTENELAY;;;
GEVRY;;;
GEVROLLES;;;
GEVREY CHAMBERTIN;;47,2267;4,9678
GEVINGEY;;46,6367;5,5061
GEVIGNEY ET MERCEY;;;
GERUGE;;;
GERMONDANS;;;
GERMOLLES SUR GROSNE;;;
GERMOLLES;;;
GERMIGNY SUR LOIRE;;47,0811;3,0378
GERMIGNY;;;
GERMIGNEY;;;
GERMEFONTAINE;;;
GERMAGNY;;;
GERLAND;;;
GERGY;;46,8769;4,9467
GERGUEIL;;;
GERAISE;;;
GENOUILLY;;;
GENNES;;;
GENLIS;;47,2408;5,2231
GENEVREY;;;
GENEVREUILLE;;;
GENEUILLE;;47,3236;5,9706
GENELARD;;46,5819;4,2369
GENDREY;;47,205;5,6847
GENAY;;45,8969;4,8408
GEMONVAL;;;
GEMEAUX;;47,4778;5,1367
GELLIN;;;
GEANGES;;;
GATEY;;;
GARCHIZY;;47,0472;3,0953
GACOGNE;;;
FYE;;48,3261;0,0794
FUSSEY;;;
FULVY;;;
FUISSE;;46,2803;4,7433
FUANS;;;
FROTEY LES VESOUL;;;
FROTEY LES LURE;;;
FRONTENAY;;;
FRONTENAUD;;46,5522;5,2942
FRONTENARD;;46,9128;5,1575
FROLOIS;;;
FROIDEVAUX;;;
FROIDEVAL;;;
FROIDETERRE;;;
FROIDEFONTAINE;;;
FROIDECONCHE;;47,8206;6,4161
FRETTES;;;
FRETTERANS;;46,9206;5,2897
FRETIGNEY ET VELLOREILLE;;;
FRESSE;;;
FRESNES;;;
FRESNE ST MAMES;;;
FRENOIS;;;
FREDERIC FONTAINE;;;
FREBUANS;;;
FRASNE LES MEULIERES;;;
FRASNE LE CHATEAU;;47,4628;5,8939
FRASNE;;;
FRANXAULT;;;
FRANOIS;;47,2325;5,9256
FRANGY EN BRESSE;;;
FRANEY;;;
FRANCHEVILLE;;;
FRANCHEVELLE;;;
FRAMONT;;;
FRAMBOUHANS;;;
FRAISANS;;;
FRAIS;;;
FRAHIER ET CHATEBIER;;47,6603;6,7475
FRAGNES;;;
FOUVENT LE BAS;;;
FOUSSEMAGNE;;;
FOURONNES;;;
FOURNETS LUISANS;;;
FOURNET BLANCHEROCHE;;;
FOURNAUDIN;;;
FOURG;;;
FOURCHAMBAULT;;47,0186;3,0847
FOURBANNE;;;
FOUGEROLLES;;47,8853;6,4028
FOUCHERES;;;
FOUCHERANS;;47,0819;5,4536
FOUCHECOURT;;;
FORT DU PLASNE;;;
FONTENOY;;49,4072;3,1986
FONTENOUILLES;;;
FONTENOIS LES MONTBOZON;;;
FONTENELLE;;;
FONTENAY SOUS FOURONNES;;;
FONTENAY PRES CHABLIS;;;
FONTENAILLES;;48,5533;2,9517
FONTAINES;;46,8503;4,7722
FONTAINEBRUX;;46,7039;5,4222
FONTAINE LES LUXEUIL;;;
FONTAINE LES DIJON;;47,3433;5,0192
FONTAINE LA GAILLARDE;;;
FONTAINE FRANCAISE;;;
FONTAINE;;;
FONTAIN;;;
FONDREMAND;;;
FONCINE LE HAUT;;;
FOISSY SUR VANNE;;;
FOISSY LES VEZELAY;;;
FOISSY;;;
FLORIMONT;;;
FLORENTIA;;;
FLOGNY LA CHAPELLE;;;
FLEZ CUZY;;;
FLEYS;;47,8147;3,8622
FLEY;;;
FLEURY LA VALLEE;;47,8672;3,4494
FLEURY LA MONTAGNE;;;
FLEURVILLE;;46,4447;4,8806
FLEUREY SUR OUCHE;;47,3119;4,8594
FLEUREY LES LAVONCOURT;;;
FLEUREY LES FAVERNEY;;;
FLEE;;47,4353;4,3289
FLAVIGNY SUR OZERAIN;;;
FLAVIGNEROT;;;
FLANGEBOUCHE;;;
FLAMMERANS;;47,2303;5,4475
FLAGY;;48,3125;2,9214
FLAGEY RIGNEY;;;
FLAGEY LES AUXONNE;;47,1467;5,3894
FLAGEY ECHEZEAUX;;47,1667;4,9833
FLAGEY;;47,7822;5,2553
FLACY;;;
FLACEY EN BRESSE;;46,5981;5,3911
FLACEY;;;
FLACE LES MACON;;;
FIXIN;;;
FILAIN;;;
FEULE;;;
FESTIGNY;;;
FESSEVILLERS;;;
FESCHES LE CHATEL;;;
FERTANS;;;
FERRIERES LES SCEY;;;
FERRIERES LES BOIS;;47,2044;5,8031
FERRIERES LE LAC;;;
FENAY;;47,2428;5,0592
FELON;;;
FEDRY;;;
FECHE L EGLISE;;;
FAYMONT;;;
FAVEROIS;;47,5222;7,0358
FAVERNEY;;47,7678;6,1042
FAUVERNEY;;47,255;5,1447
FARGES LES MACON;;;
FARGES LES CHALON;;;
FALLON;;;
FALLETANS;;;
FALLERANS;;;
EYSSON;;;
EXINCOURT;;47,4975;6,8331
EVRY;;;
EVILLERS;;;
EVETTE SALBERT;;;
EVANS;;47,1789;5,7731
ETUZ;;;
ETUPES;;47,5064;6,8611
ETUEFFONT;;47,7189;6,9217
ETRIGNY;;;
ETREPIGNEY;;47,1294;5,6917
ETRELLES ET LA MONTBLEUSE;;;
ETRAY;;;
ETRAPPE;;;
ETRABONNE;;;
ETOUVANS;;47,4642;6,7197
ETOBON;;;
ETIVEY;;47,6778;4,1439
ETIVAL;;46,5072;5,7919
ETIGNY;;;
ETEVAUX;;;
ETERNOZ;;;
ETAULES;;45,7322;-1,0978
ETAULE;;47,5364;3,9147
ETANG SUR ARROUX;;46,8661;4,1894
ETALANTE;;;
ETALANS;;;
ETAIS LA SAUVIN;;;
ESSEY;;;
ESSERVAL TARTRE;;;
ESSERTENNE;;;
ESSERT;;47,6319;6,8164
ESPRELS;;47,5364;6,3725
ESNON;;;
ESMOULINS;;;
ESCOLIVES STE CAMILLE;;;
ESCAMPS;;;
ESBARRES;;47,0944;5,215
ERREVET;;;
EQUEVILLON;;;
EQUEVILLEY;;;
EPOISSES;;47,5069;4,1736
EPINEUIL;;;
EPINEAU LES VOVES;;;
EPINAC;;;
EPEUGNEY;;;
EPERVANS;;46,7506;4,9019
EPERTULLY;;;
EPERNAY SOUS GEVREY;;;
EPENOY;;;
EPENOUSE;;;
EPAGNY;;;
ENTRAINS SUR NOHAIN;;;
EMAGNY;;;
ELOIE;;;
EHUNS;;;
EGUILLY;;47,3036;4,5003
EGUENIGUE;;47,6712;6,9339
EGRISELLES LE BOCAGE;;48,1203;3,1822
EGLENY;;;
ECUTIGNY;;47,0844;4,6219
ECUISSES;;46,7597;4,5147
ECUELLES;;;
ECOT;;47,4261;6,7325
ECOLE VALENTIN;;47,2722;5,9847
ECLEUX;;;
ECLANS NENON;;;
ECHIGEY;;;
ECHEVRONNE;;;
ECHEVANNES;;;
ECHEVANNE;;;
ECHENOZ LE SEC;;;
ECHENOZ LA MELINE;;;
ECHENON;;;
ECHENANS SOUS MONT VAUDOIS;;;
Echay;;;
ECHAVANNE;;;
EBATY;;;
DYO;;;
DURNES;;;
DUNG;;;
DUN LES PLACES;;;
DRUYES BELLES FONTAINES;;;
DREE;;;
DRAMBON;;;
DRACY LES COUCHES;;;
DRACY LE FORT;;46,7983;4,7603
DRACY;;47,7578;3,2506
DOUCIER;;;
DOUBS;;46,9267;6,35
DORNECY;;;
DORANS;;;
DONZY LE PERTUIS;;;
DONZY LE NATIONAL;;;
DOMPREL;;;
DOMPIERRE SUR MONT;;;
DOMPIERRE LES TILLEULS;;;
DOMPIERRE LES ORMES;;;
DOMMARTIN LES CUISEAUX;;;
DOMMARTIN;;;
DOMECY SUR CURE;;;
DOMBLANS;;;
DOMATS;;;
DOLLOT;;;
DOLE;;47,0922;5,4897
DIXMONT;;48,0828;3,4139
DISSANGIS;;;
DIJON;;47,3231;5,0419
DIGOIN;;46,4819;3,9806
DIGNA;;;
DIGES;;;
DIENAY;;;
DICY;;;
DICONNE;;;
DIANCEY;;;
DEZIZE LES MARANGES;;;
DEVROUZE;;;
DEVECEY;;47,3244;6,0147
DETAIN ET BRUANT;;;
DESNES;;;
DESERVILLERS;;;
DESANDANS;;;
DENNEY;;47,6589;6,9172
DENNEVY;;;
DENEVRE;;;
DEMIGNY;;46,9272;4,8339
DEMANGEVELLE;;;
DELUZ;;;
DELLE;;47,5069;6,9981
DAVAYE;;46,3011;4,745
DASLE;;47,4778;6,8942
DAROIS;;47,3911;4,9394
DARCEY;;;
DANNEMOINE;;;
DANNEMARIE SUR CRETE;;;
DANNEMARIE;;47,63;7,1192
DANJOUTIN;;47,6178;6,8639
DAMPVALLEY ST PANCRAS;;;
DAMPVALLEY LES COLOMBE;;;
DAMPRICHARD;;;
DAMPIERRE SUR SALON;;47,5569;5,68
DAMPIERRE SUR LINOTTE;;;
DAMPIERRE SUR LE DOUBS;;47,4747;6,7322
DAMPIERRE SOUS BOUHY;;;
DAMPIERRE LES CONFLANS;;;
DAMPIERRE LES BOIS;;;
DAMPIERRE ET FLEE;;;
DAMPIERRE EN MONTAGNE;;;
DAMPIERRE EN BRESSE;;;
DAMPIERRE;;;
DAMPARIS;;47,0742;5,4131
DAMMARTIN MARPAIN;;47,2561;5,5442
DAMMARTIN LES TEMPLIERS;;;
DAMEREY;;;
DAMBENOIT LES COLOMBE;;;
DAMBENOIS;;47,5442;6,8678
DAMBELIN;;;
DAIX;;47,3519;4,9989
CUY;;;
CUTTURA;;46,4133;5,8114
CUSSY LE CHATEL;;;
CUSSY LA COLONNE;;;
CUSSY EN MORVAN;;;
CUSSEY SUR LISON;;;
CUSSEY SUR L OGNON;;47,3389;5,9381
CUSSEY LES FORGES;;;
CUSE ET ADRISANS;;47,4794;6,3908
CURTIL VERGY;;;
CURTIL ST SEINE;;;
CURTIL SOUS BURNAND;;46,5822;4,6336
CURTIL SOUS BUFFIERES;;;
CURGY;;46,9847;4,3836
CURBIGNY;;46,3075;4,3114
CUNELIERES;;;
CULT;;;
CULLES LES ROCHES;;46,6522;4,6533
CUISIA;;;
CUISERY;;46,5589;5,0014
CUISEREY;;;
CUISEAUX;;46,4942;5,3878
CUGNEY;;;
CUDOT;;47,9839;3,1794
CUBRY LES FAVERNEY;;;
CUBRY;;;
CUBRIAL;;;
CRUZY LE CHATEL;;;
CRUZILLE;;;
CRUGEY;;47,1847;4,6742
CROTENAY;;46,7522;5,8136
CROSEY LE GRAND;;;
CROMARY;;;
CROIX;;50,6747;3,1539
CRISSEY;;47,0678;5,4833
CRIMOLOIS;;47,2742;5,1208
CREVANS ET LA CHAPELLE;;;
CRESSIA;;46,5286;5,4803
CRESANCEY;;;
CRENANS;;;
CRECHES SUR SAONE;;46,2467;4,7864
CRECEY SUR TILLE;;;
CREANCEY;;47,2469;4,5858
CRAVANT;;47,8286;1,5731
CRAVANCHE;;47,6539;6,8325
CRANCOT;;;
CRAMANS;;;
CRAIN;;;
COYRON;;;
COUTHENANS;;;
COUTERNON;;47,3339;5,15
COUTARNOUX;;;
COUSANCE;;;
COURVIERES;;;
COURTOIS SUR YONNE;;48,2261;3,2553
COURTIVRON;;;
COURTELEVANT;;47,5172;7,08
COURTEFONTAINE;;47,3206;6,9081
COURSON LES CARRIERES;;47,6144;3,5003
COURMONT;;49,1486;3,5758
COURLON SUR YONNE;;48,3386;3,1653
COURLON;;;
COURLAOUX;;46,6675;5,4617
COURLANS;;;
COURGIS;;;
COURGENAY;;;
COURCHATON;;;
COURCHAPON;;;
COURCELLES LES MONTBELIARD;;47,5;6,7861
COURCELLES LES MONTBARD;;47,5936;4,3975
COURCELLES;;;
COURBOUZON;;;
COURBETTE;;;
COULOURS;;;
COULEVON;;;
COULANGES SUR YONNE;;47,5267;3,54
COULANGES LES NEVERS;;47,0053;3,1867
COULANGES LA VINEUSE;;;
COULANGERON;;47,6808;3,47
COUCHEY;;47,2606;4,9814
COUCHES;;46,8697;4,5725
COUBLANC;;;
COTEBRUNE;;;
COSNE COURS SUR LOIRE;;47,4103;2,925
COSGES;;;
CORVOL L ORGUEILLEUX;;;
CORTEVAIX;;;
CORTAMBERT;;46,4783;4,7144
CORRE;;;
CORPEAU;;46,9289;4,7519
CORNOT;;;
CORNOD;;;
CORNANT;;;
CORMOT LE GRAND;;;
CORMATIN;;46,5453;4,6867
CORGOLOIN;;47,0839;4,9144
CORGENGOUX;;;
CORDONNET;;;
CORCONDRAY;;;
CORCELLES LES MONTS;;;
CORCELLES LES CITEAUX;;47,1719;5,0819
CORCELLES LES ARTS;;46,9525;4,7944
CORCELLES FERRIERES;;;
CORBIGNY;;47,2567;3,6836
CORBERON;;;
CORBENAY;;;
CONTREGLISE;;;
CONLIEGE;;;
CONFRACOURT;;;
CONFLANS SUR LANTERNE;;;
CONFLANDEY;;;
CONDAMINE;;;
CONDAL;;46,4608;5,2817
COMPIGNY;;;
COMMENAILLES;;;
COMMARIN;;;
COMBLANCHIEN;;;
COMBERTAULT;;;
COMBERJON;;;
COMBEAUFONTAINE;;47,71;5,8911
COLONNE;;46,8844;5,5761
COLOMBOTTE;;;
COLOMBIER FONTAINE;;47,4525;6,6897
COLOMBIER EN BRIONNAIS;;;
COLOMBIER CHATELOT;;;
COLOMBIER;;47,1678;4,6744
COLOMBE LES VESOUL;;;
COLLONGES LES PREMIERES;;47,2247;5,2683
COLLONGES LES BEVY;;;
COLLONGE LA MADELEINE;;;
COLLONGE EN CHAROLLAIS;;;
COLLEMIERS;;;
COISIA;;;
COISEVAUX;;;
COGNA;;;
CLUX;;;
CLUNY;;46,4344;4,6592
CLUCY;;;
CLESSE;;;
CLERY;;;
CLERVAL;;47,3922;6,4975
CLERON;;;
CLERMAIN;;;
CLENAY;;;
CLEMENCEY;;;
CLANS;;;
CLAMEREY;;;
CLAMECY;;47,46;3,5194
CLAIRVAUX LES LACS;;46,575;5,7492
CLAIREGOUTTE;;;
CIZE;;46,7317;5,91
CIVRY SUR SEREIN;;;
CIVRY EN MONTAGNE;;;
CITEY;;;
CIRY LE NOBLE;;46,6053;4,3006
CIREY LES PONTAILLER;;;
CIREY LES NOLAY;;;
CIREY;;;
CINTREY;;47,7506;5,7556
CINQUETRAL;;;
CIEZ;;47,4414;3,1622
CIEL;;46,8822;5,0428
CHOYE;;;
CHOUZELOT;;;
CHOREY LES BEAUNE;;47,0481;4,8675
CHOISEY;;47,0628;5,4594
CHIVRES;;;
CHITRY;;47,7619;3,6997
CHISSEY SUR LOUE;;;
CHISSEY LES MACON;;;
CHISSERIA;;;
CHILLY SUR SALINS;;;
CHILLY LE VIGNOBLE;;46,6578;5,5
CHILLE;;46,6939;5,5744
CHIDDES;;;
CHICHERY;;;
CHICHEE;;;
CHEVRY;;46,2808;6,0369
CHEVROZ;;;
CHEVREMONT;;47,6289;6,9231
CHEVILLON;;;
CHEVIGNY ST SAUVEUR;;;
CHEVIGNY EN VALIERE;;;
CHEVIGNY;;;
CHEVIGNEY SUR L OGNON;;;
CHEVIGNEY LES VERCEL;;47,1636;6,3717
CHEVIGNEY;;;
CHEVENON;;46,9208;3,23
CHEVANNES;;48,5314;2,4433
CHEVANNAY;;;
CHEVAGNY SUR GUYE;;;
CHEVAGNY LES CHEVRIERES;;;
CHEUGE;;;
CHEU;;47,9656;3,7656
CHENY;;;
CHENOVES;;;
CHENOVE;;47,2911;5,0072
CHENEY;;;
CHENEVREY ET MOROGNE;;47,2828;5,7433
CHENECEY BUILLON;;;
CHENEBIER;;;
CHENE SEC;;;
CHENAY LE CHATEL;;46,2275;3,9394
CHEMIN D AISEY;;;
CHEMIN;;;
CHEMILLY SUR YONNE;;47,8986;3,5617
CHEMILLY SUR SEREIN;;;
CHEMILLY;;46,4881;3,3147
CHEMAUDIN;;47,2239;5,8919
CHEILLY LES MARANGES;;;
CHAZILLY;;;
CHAZEUIL;;;
CHAZELLES;;;
CHAY;;;
CHAVERIA;;;
CHAVANNES LES GRANDS;;;
CHAVANNE;;;
CHAVANATTE;;;
CHAUX NEUVE;;;
CHAUX LES PORT;;;
CHAUX LES CLERVAL;;;
CHAUX LA LOTIERE;;;
CHAUX DU DOMBIEF;;;
CHAUX DES CROTENAY;;46,6575;5,9672
CHAUX CHAMPAGNY;;;
CHAUX;;;
CHAUSSIN;;46,9647;5,41
CHAUMOT;;48,0808;3,2181
CHAUMONT;;;
CHAUMERGY;;;
CHAUMERCENNE;;;
CHAUME ET COURCHAMP;;;
CHAULGNES;;47,1294;3,1036
CHAUFFAILLES;;46,2064;4,34
CHAUDENAY LE CHATEAU;;;
CHAUDENAY LA VILLE;;;
CHAUDENAY;;;
CHAUDEFONTAINE;;;
CHAUCENNE;;47,2847;5,8978
CHATILLON SUR SEINE;;47,8583;4,5742
CHATILLON LE DUC;;47,3042;6,0069
CHATILLON GUYOTTE;;47,3308;6,1686
CHATILLON;;;
CHATENOY LE ROYAL;;46,7942;4,8164
CHATENOY EN BRESSE;;46,7917;4,9133
CHATENOIS LES FORGES;;47,5592;6,8483
CHATENOIS;;48,2719;7,4008
CHATENAY;;48,3581;1,8833
CHATELNEUF;;;
CHATELLENOT;;;
CHATELBLANC;;;
CHATELAY;;;
CHATEL MORON;;;
CHATEL GERARD;;;
CHATEL CENSOIR;;47,5317;3,6339
CHATEAURENAUD;;;
CHATEAUNEUF;;45,5219;4,6247
CHATEAU DES PRES;;;
CHATEAU CHALON;;;
CHATEAU;;;
CHASTENAY;;;
CHASTELLUX SUR CURE;;;
CHASSY;;;
CHASSIGNY SOUS DUN;;;
CHASSIGNELLES;;;
CHASSEY LES SCEY;;;
CHASSEY LES MONTBOZON;;;
CHASSEY LE CAMP;;;
CHASSEY;;;
CHASSELAS;;;
CHASSAL;;46,3583;5,7872
CHASSAGNE ST DENIS;;;
CHASSAGNE MONTRACHET;;46,9369;4,7283
CHASNANS;;;
CHARREY SUR SEINE;;;
CHARREY SUR SAONE;;;
CHARRECEY;;46,8389;4,6669
CHARQUEMONT;;47,2142;6,8217
CHAROLLES;;46,4344;4,2753
CHARNY OREE DE PUISAYE;;;
CHARNY;;48,9711;2,7622
CHARNOD;;;
CHARNAY LES MACON;;46,3092;4,7844
CHARNAY LES CHALON;;;
CHARNAY;;;
CHARMOY;;47,9414;3,4917
CHARMOIS;;;
CHARMOILLE;;;
CHARMES;;;
CHARIEZ;;;
CHARGEY LES PORT;;;
CHARGEY LES GRAY;;;
CHAREZIER;;;
CHARETTE VARENNES;;;
CHARENTENAY;;;
CHARDONNAY;;;
CHARCIER;;;
CHARCHILLA;;46,4658;5,7125
CHARCENNE;;;
CHARBUY;;47,8239;3,4664
CHARBONNIERES LES SAPINS;;;
CHARBONNIERES;;;
CHAPELLE VOLAND;;;
CHAPELLE DES BOIS;;;
CHAPELLE D HUIN;;;
CHAPAIZE;;;
CHANTRANS;;;
CHANTES;;;
CHANGY;;;
CHANGE;;47,9878;0,2819
CHANES;;;
CHANCEY;;;
CHANCEAUX;;;
CHAMVRES;;;
CHAMPVOUX;;;
CHAMPVANS LES MOULINS;;;
CHAMPVANS;;47,105;5,4356
CHAMPVALLON;;;
CHAMPTONNAY;;;
CHAMPS SUR YONNE;;47,7372;3,6011
CHAMPROUGIER;;46,8719;5,5225
CHAMPOUX;;;
CHAMPLOST;;48,0269;3,6678
CHAMPLIVE;;;
CHAMPLITTE;;;
CHAMPLIEU;;;
CHAMPLEMY;;;
CHAMPLECY;;;
CHAMPLAY;;47,9511;3,4414
CHAMPIGNY;;;
CHAMPIGNOLLES;;;
CHAMPIGNELLES;;47,7789;3,0722
CHAMPFORGEUIL;;46,8194;4,8342
CHAMPEY;;;
CHAMPEAU EN MORVAN;;;
CHAMPDOTRE;;;
CHAMPDIVERS;;;
CHAMPAGNY SOUS UXELLES;;;
CHAMPAGNOLE;;46,7472;5,9072
CHAMPAGNEY;;;
CHAMPAGNE SUR VINGEANNE;;;
CHAMPAGNE SUR LOUE;;47,0392;5,8131
CHAMPAGNAT;;;
CHAMOUX;;;
CHAMILLY;;;
CHAMESOL;;;
CHAMBORNAY LES PIN;;;
CHAMBORNAY LES BELLEVAUX;;;
CHAMBOLLE MUSIGNY;;47,1856;4,9528
CHAMBOEUF;;;
CHAMBLAY;;;
CHAMBLANC;;;
CHAMBILLY;;;
CHAMBEUGLE;;;
CHAMBERIA;;;
CHAMBEIRE;;;
CHALONVILLARS;;;
CHALON SUR SAONE;;46,7811;4,8539
CHALLUY;;46,9503;3,1483
CHALEZEULE;;47,2592;6,075
CHALEZE;;;
CHALAUX;;;
CHAINTRE;;46,2606;4,7592
CHAINEE DES COUPIS;;;
CHAILLY SUR ARMANCON;;47,2719;4,4844
CHAILLEY;;;
CHAIGNAY;;;
CHAGNY;;46,9106;4,7533
CHAGEY;;47,6119;6,735
CHAFFOIS;;;
CHABLIS;;47,815;3,7969
CEZY;;47,9922;3,3406
CEZIA;;;
CESSEY SUR TILLE;;;
CESSEY;;;
CESANCEY;;;
CERVON;;;
CERSOT;;;
CERRE LES NOROY;;;
CERON;;;
CERNON;;;
CERNAY L EGLISE;;;
CERNANS;;;
CERISIERS;;48,1336;3,4847
CERILLY;;46,6178;2,8208
CENSEAU;;46,8136;6,0681
CENDREY;;;
CENANS;;;
CARISEY;;47,9233;3,8469
CALMOUTIER;;47,6456;6,2808
CADEMENE;;;
BYANS SUR DOUBS;;;
BYANS;;;
BY;;;
BUXY;;;
BUVILLY;;;
BUTTEAUX;;;
BUTHIERS;;48,2872;2,4306
BUSY;;;
BUSSY LE REPOS;;;
BUSSY LE GRAND;;47,5742;4,5178
BUSSY LA PESLE;;;
BUSSY EN OTHE;;48,0194;3,5144
BUSSUREL;;;
BUSSIERES;;48,9231;3,2361
BUSSEROTTE ET MONTENAILLE;;;
BURNAND;;;
BURGY;;;
BURGILLE;;;
BURE LES TEMPLIERS;;;
BUNCEY;;47,8231;4,5622
BULLE;;;
BUFFIGNECOURT;;;
BUFFIERES;;;
BUFFARD;;;
BUCEY LES GY;;47,4231;5,8431
BUC;;48,7733;2,1253
BRUSSEY;;;
BRUAILLES;;;
BROYE ET VERFONTAINE;;;
BROYE AUBIGNEY MONTSEUGNY;;;
BROYE;;46,8714;4,29
BROTTE LES RAY;;;
BROTTE LES LUXEUIL;;;
BROSSES;;;
BROINDON;;;
BROIN;;;
BROGNON;;47,4039;5,1656
BROGNARD;;47,53;6,8642
BROCHON;;47,2389;4,9708
BRION;;;
BRIOD;;;
BRINON SUR BEUVRON;;;
BRIENON SUR ARMANCON;;;
BRIENNE;;;
BRIAUCOURT;;;
BRIANT;;;
BRIANNY;;;
BREY ET MAISON DU BOIS;;;
BREVILLIERS;;;
BREVES;;;
BREVANS;;47,0967;5,5239
BREUREY LES FAVERNEY;;;
BREUCHOTTE;;;
BREUCHES;;47,7981;6,3303
BRETONVILLERS;;;
BRETIGNY;;;
BRETENIERE;;47,2406;5,1142
BRETAGNE;;;
bressey-sur-tille;;47,3083;5,1831
BRESSEY SUR TILLE;;47,3083;5,1831
BRESSE SUR GROSNE;;;
BRERY;;;
BREMONDANS;;;
BRECONCHAUX;;;
BREBOTTE;;;
BRAZEY EN PLAINE;;47,135;5,2172
BRAZEY EN MORVAN;;;
BRAY;;;
BRANS;;;
BRANNAY;;48,2306;3,1175
BRANGES;;46,645;5,1744
BRANDON;;46,3683;4,5675
BRANCHES;;47,8842;3,4817
BRAIN;;;
BRAILLANS;;;
BRAGNY SUR SAONE;;46,9108;5,0308
BRACON;;;
BOYER;;46,5922;4,885
BOUZERON;;46,8897;4,7264
BOUZE LES BEAUNE;;;
BOUVERANS;;;
BOUSSIERES;;47,1575;5,9014
BOUSSENOIS;;;
BOURSIERES;;47,6083;6,0425
BOUROGNE;;47,5622;6,9178
BOURNOIS;;;
BOURGVILAIN;;;
BOURGUIGNON LES LA CHARITE;;;
BOURGUIGNON LES CONFLANS;;;
BOURGUIGNON;;47,4133;6,78
BOURG SOUS CHATELET;;;
BOURCIA;;;
BOURBEVELLE;;;
BOURBERAIN;;;
BOULT;;;
BOULOT;;47,3478;5,96
BOULIGNEY;;;
BOUJAILLES;;;
BOUILLY;;;
BOUILLAND;;;
BOUHY;;47,4856;3,1653
BOUHEY;;47,2006;4,6689
BOUHANS LES MONTBOZON;;;
BOUHANS LES LURE;;;
BOUHANS ET FEURG;;;
BOUHANS;;;
BOUGNON;;;
BOUCLANS;;47,2472;6,2364
BOTANS;;47,5967;6,8503
BOSJEAN;;;
BORON;;;
BORNAY;;;
BOREY;;;
BONNEVENT VELLOREILLE;;;
BONNEVAUX LE PRIEURE;;;
BONNEVAUX;;;
BONNETAGE;;;
BONNENCONTRE;;;
BONNEFONTAINE;;;
BONNAY;;46,55;4,6217
BONNARD;;47,9261;3,5228
BONLIEU;;;
BONDEVAL;;;
BONCOURT LE BOIS;;47,1369;4,9931
BONBOILLON;;;
BONA;;;
BOLANDOZ;;;
BOIS STE MARIE;;;
BOIS D AMONT;;46,5356;6,1392
BOEURS EN OTHE;;;
BLUSSANS;;47,4275;6,6072
BLUSSANGEAUX;;;
BLIGNY SUR OUCHE;;47,1064;4,6697
BLIGNY LES BEAUNE;;46,9869;4,825
BLIGNY LE SEC;;;
BLIGNY EN OTHE;;;
BLETTERANS;;;
BLESSEY;;;
BLENEAU;;;
BLEIGNY LE CARREAU;;;
BLARIANS;;;
BLANZY;;46,7039;4,3903
BLANOT;;;
BLANNAY;;;
BLAMONT;;;
BLAISY HAUT;;;
BLAISY BAS;;;
BLAGNY SUR VINGEANNE;;;
BLACY;;48,7275;4,5533
BISSY SUR FLEY;;;
BISSY SOUS UXELLES;;;
BISSY LA MACONNAISE;;;
BISSEY SOUS CRUCHAUD;;;
BISSEY LA PIERRE;;;
BINGES;;;
BILLY SUR OISY;;;
BILLEY;;;
BILLECUL;;;
BIERRY BELLES FONTAINES;;;
BIEF;;;
BIARNE;;;
BIANS LES USIERS;;;
BEZOUOTTE;;;
BEZE;;47,4681;5,2708
BEY;;46,8211;4,9636
BEVY;;;
BEUVRON;;;
BEUTAL;;;
BEUREY BAUGUAY;;;
BEURE;;;
BEUGNON;;;
BETONCOURT LES MENETRIERS;;;
BETONCOURT LES BROTTE;;;
BETHONVILLIERS;;;
BETHONCOURT;;47,5344;6,8039
BETAUCOURT;;;
BESSY SUR CURE;;;
BESSONCOURT;;47,6456;6,9322
BESSEY LES CITEAUX;;;
BESSEY EN CHAUME;;;
BESNANS;;;
BESANCON CEDEX;;;
BESANCON;;47,2422;6,0214
BERZE LA VILLE;;46,3639;4,7044
BERTHELANGE;;;
BERSAILLIN;;46,8594;5,6014
BERNOUIL;;47,8997;3,895
BERMONT;;47,58;6,8533
BERGESSERIN;;;
BERCHE;;47,4725;6,7417
BEON;;47,9564;3,3222
BENEUVRE;;;
BELONCHAMP;;;
BELMONT;;48,41;7,2347
BELLEVESVRE;;46,8411;5,3644
BELLENOT SOUS POUILLY;;;
BELLENEUVE;;;
BELLEHERBE;;;
BELLEFONTAINE;;49,0975;2,4669
BELLEFOND;;;
BELLECHAUME;;48,0428;3,6081
BELFORT;;47,6375;6,8628
BELFAYS;;;
BELFAHY;;;
BEIRE LE FORT;;47,2308;5,2547
BEIRE LE CHATEL;;47,4122;5,2053
BEINE;;;
BEAUVOISIN;;43,7183;4,3236
BEAUVOIR;;;
BEAUVERNOIS;;;
BEAUREPAIRE EN BRESSE;;;
BEAUNE CEDEX;;;
BEAUNE;;47,0242;4,8389
BEAUMOTTE LES PIN;;;
BEAUMOTTE AUBERTANS;;;
BEAUMONT SUR VINGEANNE;;;
BEAUMONT SUR GROSNE;;46,6647;4,8594
BEAUMONT;;;
BEAULIEU;;45,1925;5,3922
BEAUJEU ET QUITTEUR;;;
BEAUFORT;;45,7181;6,575
BEAUCOURT;;47,4861;6,9253
BEAUBERY;;;
BAZOCHES;;47,3769;3,7867
BAZARNES;;;
BAY;;;
BAVILLIERS;;47,6194;6,8306
BAVERANS;;;
BAVANS;;47,4817;6,7306
BAUME LES MESSIEURS;;;
BAUME LES DAMES;;47,3522;6,36
BAULME LA ROCHE;;;
BAULAY;;;
BAUGY;;;
BAUDRIERES;;;
BAUDONCOURT;;;
BAUDEMONT;;;
BAUBIGNY;;;
BATTRANS;;;
BATTENANS VARIN;;;
BASSOU;;;
BASSIGNEY;;;
bas rebourseaux;;;
BART;;;
BARON;;49,1731;2,7294
BARJON;;;
BARIZEY;;;
BARGES;;;
BARESIA SUR L AIN;;;
BARD LES PESMES;;;
BARBIREY SUR OUCHE;;;
BANVILLARS;;;
BANTANGES;;46,6094;5,1119
BANS;;;
BANNANS;;;
BALOT;;;
BALANOD;;;
BALAISEAUX;;;
BAIGNEUX LES JUIFS;;;
BAIGNES;;;
BAGNOT;;;
BAGNEAUX;;;
BADEVEL;;47,5;6,9397
AZE;;;
AVROLLES;;;
AVRIGNEY VIREY;;;
AVOUDREY;;;
AVOT;;;
AVOSNES;;;
AVILLEY;;;
AVIGNON LES ST CLAUDE;;;
AVENEY;;;
AVELANGES;;;
AVANNE AVENEY;;47,2022;5,9642
AVALLON;;47,49;3,9083
AUXY;;48,1189;2,4744
AUXONNE;;47,1939;5,3878
AUXON DESSUS;;;
AUXON DESSOUS;;;
AUXON;;48,1039;3,9192
AUXEY DURESSES;;46,9867;4,7483
AUXERRE;;47,7975;3,5669
AUXELLES HAUT;;;
AUXELLES BAS;;;
AUXANT;;;
AUXANGE;;;
AUVILLARS SUR SAONE;;;
AUVET ET LA CHAPELOTTE;;;
AUTUN;;46,9511;4,2986
AUTRICOURT;;;
AUTREY LES CERRE;;;
AUTREY LE VAY;;;
AUTRECHENE;;;
AUTOREILLE;;;
AUTHUMES;;;
AUTHUME;;47,1258;5,5025
AUTHOISON;;;
AUTET;;;
AUTECHAUX ROIDE;;;
AUTECHAUX;;;
AUMUR;;;
AUMONT;;;
AULX LES CROMARY;;;
AUGY;;;
AUGICOURT;;;
AUGERANS;;;
AUGEA;;;
AUDINCOURT;;47,4828;6,8397
AUDEUX;;;
AUDELANGE;;;
AUBONNE;;;
AUBIGNY LES SOMBERNON;;;
AUBIGNY LA RONCE;;;
AUBIGNY EN PLAINE;;;
AUBERTANS;;;
AUBAINE;;;
ATHOSE;;;
ATHIE;;;
ATHESANS ETROITEFONTAINE;;;
ATHEE;;47,23;5,3714
ASQUINS;;;
ASNOIS;;;
ASNIERES SOUS BOIS;;;
ASNIERES LES DIJON;;47,385;5,0447
ASNANS BEAUVOISIN;;;
ARTHONNAY;;;
ARTAIX;;;
ARQUIAN;;;
ARPENANS;;;
AROZ;;;
AROMAS;;;
ARNAY SOUS VITTEAUX;;;
ARNAY LE DUC;;;
ARMES;;;
ARMEAU;;;
ARLAY;;;
ARINTHOD;;;
ARGUEL;;;
ARGILLY;;;
ARGIESANS;;;
ARGENTEUIL SUR ARMANCON;;;
ARGENTENAY;;;
ARCY SUR CURE;;;
ARCONCEY;;;
ARCON;;46,9475;6,3789
ARCHELANGE;;;
ARCEY;;47,5222;6,6608
ARCES DILO;;;
ARCENANT;;47,1394;4,8458
ARCEAU;;47,3844;5,1897
ARC SUR TILLE;;47,3431;5,1917
ARC SOUS MONTENOT;;;
ARC SOUS CICON;;47,0525;6,3811
ARC LES GRAY;;47,4572;5,5844
ARC ET SENANS;;;
ARBOUANS;;47,4906;6,8103
ARBOIS;;46,9028;5,7739
ARBECEY;;;
APREMONT;;;
APPOIGNY;;47,8772;3,5281
APPENANS;;47,4428;6,565
ANZY LE DUC;;;
ANTULLY;;;
ANTORPE;;;
ANTIGNY LA VILLE;;;
ANTHEUIL;;;
ANTEUIL;;;
ANNOIRE;;46,9583;5,2783
ANNAY SUR SEREIN;;;
ANNAY LA COTE;;;
ANNAY;;;
ANJOUTEY;;;
ANJEUX;;;
ANGLURE SOUS DUN;;;
ANGEOT;;47,6964;7,0139
ANGELY;;;
ANDRYES;;;
ANDORNAY;;;
ANDELOT MORVAL;;;
ANDELOT EN MONTAGNE;;;
ANDELNANS;;47,6025;6,8686
ANDELARROT;;;
ANDELARRE;;;
ANCY LE LIBRE;;;
ANCY LE FRANC;;47,7764;4,1628
ANCIER;;;
ANCHENONCOURT ET CHAZEL;;;
ANCEY;;;
AMPILLY LES BORDES;;;
AMONDANS;;;
AMONCOURT;;;
AMEUGNY;;46,5258;4,6781
AMBLANS ET VELOTTE;;;
AMAZY;;;
AMANGE;;;
AMANCEY;;;
AMANCE;;47,8014;6,0581
AMAGNEY;;;
AMAGE;;;
ALUZE;;;
ALOXE CORTON;;;
ALLONDANS;;;
ALLIGNY EN MORVAN;;;
ALLIGNY COSNE;;;
ALLERIOT;;46,8144;4,9442
ALLEREY SUR SAONE;;;
ALLENJOIE;;;
ALAINCOURT;;49,7644;3,3756
AISSEY;;;
AISEY SUR SEINE;;;
AISEREY;;47,1722;5,1622
AINVELLE;;;
AILLONCOURT;;47,7553;6,3883
AILLEVILLERS ET LYAUMONT;;;
AILLANT SUR THOLON;;;
AIGREMONT;;;
AIGNAY LE DUC;;;
AIGLEPIERRE;;;
AIBRE;;47,5511;6,6967
AHUY;;47,3689;5,0222
AGEY;;47,2842;4,7625
AGENCOURT;;;
ADELANS LE VAL DE BITHAINE;;;
ADAM LES VERCEL;;;
ADAM LES PASSAVANT;;47,2969;6,3617
ACHUN;;;
ACCOLAY;;;
ABONCOURT GESINCOURT;;;
ABERGEMENT ST JEAN;;;
ABERGEMENT LE GRAND;;;
ABERGEMENT LA RONCE;;;
ABELCOURT;;;
ABBEVILLERS;;;
ABBENANS;;;
ABBANS DESSUS;;;
ABBANS DESSOUS;;;
